code,csname,extname,cname,index_code,index_name,indx_csname,pub_party_name,pub_date,base_date,bp,adj_circle,setup_date,list_date,list_status,exchange,mgr_name,custod_name,mgt_fee,etf_type
159790,华夏中证内地低碳经济主题ETF,碳中和ETF,华夏中证内地低碳经济主题交易型开放式指数证券投资基金,000977.CSI,中证内地低碳经济主题指数,内地低碳,中证指数有限公司,20110121,20100630,1000.0,半年,2021-07-30,2021-08-06,L,SZ,华夏基金,中国建设银行股份有限公司,0.5,纯境内
560620,万家中证全指公用事业ETF,公用事业ETF基金,万家中证全指公用事业交易型开放式指数证券投资基金,000995.CSI,中证全指公用事业指数,全指公用,中证指数有限公司,20110802,20041231,1000.0,半年,2024-09-11,2024-10-09,L,SH,万家基金,中国建设银行股份有限公司,0.5,纯境内
511820,鹏华添利交易型货币B,鹏华添利ETF,鹏华添利交易型货币市场基金B类,,,,,,,,,2016-01-29,2016-02-22,L,SH,鹏华基金,中国工商银行股份有限公司,0.3,纯境内
159985,华夏饲料豆粕期货ETF,豆粕ETF,华夏饲料豆粕期货交易型开放式证券投资基金,000014.DCE,大商所豆粕期货价格指数,豆粕期货价格,大连商品交易所,20130104,20130104,1000.0,,2019-09-24,2019-12-05,L,SZ,华夏基金,中国建设银行股份有限公司,0.5,纯境内
159295,西部利得创业板综合ETF,创业综指ETF西部利得,西部利得创业板综合交易型开放式指数证券投资基金,399102.SZ,创业板综合指数,创业板综,深圳证券信息有限公司,20100820,20100531,1000.0,不定期调整,2025-10-23,2025-11-04,L,SZ,西部利得基金,中国农业银行股份有限公司,0.15,纯境内
159208,万家国证航天航空行业ETF,航天航空ETF,万家国证航天航空行业交易型开放式指数证券投资基金,CN5082.SZ,国证航天航空行业指数,国证航天,深圳证券信息有限公司,20150216,20021231,1000.0,半年,2025-04-28,2025-05-12,L,SZ,万家基金,中国建设银行股份有限公司,0.5,纯境内
159386,A500ETF永赢,A500ETF永赢,永赢中证A500交易型开放式指数证券投资基金,000510.SH,中证A500指数,中证A500,中证指数有限公司,20240923,20041231,1000.0,半年,2025-01-24,2025-02-11,L,SZ,永赢基金,中信证券股份有限公司,0.15,纯境内
512360,平安MSCI中国A股国际ETF,MSCI中国A股ETF基金,平安MSCI中国A股国际交易型开放式指数证券投资基金,704843.MI,MSCI中国A股国际指数,MSCI中国A股国际指数,摩根士丹利资本国际公司,20140626,20081125,1000.0,,2018-06-15,2018-07-20,L,SH,平安基金,中国工商银行股份有限公司,0.5,纯境内
159235,大成中证全指自由现金流ETF,中证现金流ETF,大成中证全指自由现金流交易型开放式指数证券投资基金,932365.CSI,中证全指自由现金流指数,中证现金流,中证指数有限公司,20241211,20131231,1000.0,三个月,2025-04-23,2025-04-30,L,SZ,大成基金,华泰证券股份有限公司,0.15,纯境内
561980,招商中证半导体产业ETF,半导体设备ETF,招商中证半导体产业交易型开放式指数证券投资基金,931865.CSI,中证半导体产业指数,中证半导,中证指数有限公司,20190320,20161230,1000.0,半年,2023-08-21,2023-09-01,L,SH,招商基金,中泰证券股份有限公司,0.5,纯境内
159246,富国创业板人工智能ETF,创业板人工智能ETF富国,富国创业板人工智能交易型开放式指数证券投资基金,970070.SZ,创业板人工智能指数,创业板人工智能,深圳证券信息有限公司,20240711,20181228,1000.0,半年,2025-07-02,2025-07-10,L,SZ,富国基金,中信建投证券股份有限公司,0.4,纯境内
159793,平安中证沪港深线上消费主题ETF,线上消费ETF基金,平安中证沪港深线上消费主题交易型开放式指数证券投资基金,931481.CSI,中证沪港深线上消费主题指数,SHS线上消费,中证指数有限公司,20200506,20141231,1000.0,半年,2021-11-09,2021-11-24,L,SZ,平安基金,中国农业银行股份有限公司,0.5,纯境内
516630,华夏中证云计算与大数据主题ETF,云计算50ETF,华夏中证云计算与大数据主题交易型开放式指数证券投资基金,930851.CSI,中证云计算与大数据主题指数,云计算,中证指数有限公司,20160720,20120629,1000.0,半年,2021-08-24,2021-09-03,L,SH,华夏基金,中国银行股份有限公司,0.15,纯境内
588250,鹏华上证科创板生物医药ETF,科创生物医药ETF,鹏华上证科创板生物医药交易型开放式指数证券投资基金,000683.SH,上证科创板生物医药指数,科创生物,中证指数有限公司,20220509,20191231,1000.0,三个月,2025-03-12,2025-03-21,L,SH,鹏华基金,中信证券股份有限公司,0.5,纯境内
159938,广发中证全指医药卫生ETF,医药卫生ETF,广发中证全指医药卫生交易型开放式指数证券投资基金,000991.SH,中证全指医药卫生指数,全指医药,中证指数有限公司,20110802,20041231,1000.0,半年,2014-12-01,2015-01-08,L,SZ,广发基金,中国银行股份有限公司,0.5,纯境内
159362,A500ETF工银,A500ETF工银,工银瑞信中证A500交易型开放式指数证券投资基金,000510.SH,中证A500指数,中证A500,中证指数有限公司,20240923,20041231,1000.0,半年,2024-11-19,2024-12-02,L,SZ,工银瑞信基金,中国建设银行股份有限公司,0.15,纯境内
512120,华安中证细分医药ETF,医药50ETF,华安中证细分医药交易型开放式指数证券投资基金,000814.SH,中证细分医药产业主题指数,细分医药,中证指数有限公司,20120411,20041231,1000.0,半年,2013-12-04,2014-01-06,L,SH,华安基金,中国建设银行股份有限公司,0.5,纯境内
159512,广发中证全指汽车ETF,汽车ETF,广发中证全指汽车交易型开放式指数证券投资基金,931008.CSI,中证全指汽车指数,汽车指数,中证指数有限公司,20130715,20041231,1000.0,半年,2023-07-13,2023-07-25,L,SZ,广发基金,中国建设银行股份有限公司,0.5,纯境内
516670,招商中证畜牧养殖ETF,畜牧养殖ETF,招商中证畜牧养殖交易型开放式指数证券投资基金,930707.CSI,中证畜牧养殖指数,中证畜牧,中证指数有限公司,20150713,20111231,1000.0,半年,2021-03-18,2021-03-26,L,SH,招商基金,中信建投证券股份有限公司,0.2,纯境内
512600,嘉实中证主要消费ETF,消费ETF嘉实,嘉实中证主要消费交易型开放式指数证券投资基金,000932.SH,中证主要消费指数,800消费,中证指数有限公司,20090703,20041231,1000.0,半年,2014-06-13,2014-07-25,L,SH,嘉实基金,中国银行股份有限公司,0.5,纯境内
159780,南方中证科创创业50ETF,双创ETF,南方中证科创创业50交易型开放式指数证券投资基金,931643.CSI,中证科创创业50指数,科创创业50,中证指数有限公司,20210601,20191231,1000.0,三个月,2021-06-24,2021-07-05,L,SZ,南方基金,招商银行股份有限公司,0.5,纯境内
159993,龙头券商,证券ETF龙头,鹏华国证证券龙头交易型开放式指数证券投资基金,399437.SZ,国证证券龙头指数,证券龙头,深圳证券信息有限公司,20141230,20021231,1000.0,半年,2019-12-26,2020-02-07,L,SZ,鹏华基金,中信证券股份有限公司,0.5,纯境内
159629,富国中证1000ETF,1000ETF,富国中证1000交易型开放式指数证券投资基金,000852.SH,中证1000指数,中证1000,中证指数有限公司,20141017,20041231,1000.0,半年,2022-07-27,2022-08-03,L,SZ,富国基金,中国银行股份有限公司,0.15,纯境内
159376,浦银安盛中证A500ETF,A500ETF指数基金,浦银安盛中证A500交易型开放式指数证券投资基金,000510.SH,中证A500指数,中证A500,中证指数有限公司,20240923,20041231,1000.0,半年,2024-12-30,2025-01-13,L,SZ,浦银安盛基金,中国建设银行股份有限公司,0.15,纯境内
589860,天弘上证科创板综合ETF,科创综指ETF天弘,天弘上证科创板综合交易型开放式指数证券投资基金,000680.SH,上证科创板综合指数,科创综指,中证指数有限公司,20250120,20191231,1000.0,不定期调整,2025-02-26,2025-03-05,L,SH,天弘基金,中信证券股份有限公司,0.15,纯境内
159672,博时主要消费ETF,主要消费ETF,博时中证主要消费交易型开放式指数证券投资基金,000932.SH,中证主要消费指数,800消费,中证指数有限公司,20090703,20041231,1000.0,半年,2023-03-23,2023-04-03,L,SZ,博时基金,平安银行股份有限公司,0.5,纯境内
513820,汇添富中证港股通高股息投资ETF,港股红利ETF基金,汇添富中证港股通高股息投资交易型开放式指数证券投资基金,930914.CSI,中证港股通高股息投资指数,港股通高股息,中证指数有限公司,20161125,20141114,3000.0,一年,2024-04-24,2024-05-16,L,SH,汇添富基金,中国工商银行股份有限公司,0.5,纯境内
560010,广发中证1000ETF,中证1000ETF指数,广发中证1000交易型开放式指数证券投资基金,000852.SH,中证1000指数,中证1000,中证指数有限公司,20141017,20041231,1000.0,半年,2022-07-28,2022-08-04,L,SH,广发基金,中国工商银行股份有限公司,0.15,纯境内
159215,平安中证A500ETF,中证A500ETF指数基金,平安中证A500交易型开放式指数证券投资基金,000510.SH,中证A500指数,中证A500,中证指数有限公司,20240923,20041231,1000.0,半年,2025-03-26,2025-04-07,L,SZ,平安基金,中国农业银行股份有限公司,0.15,纯境内
159717,ESGETF,ESGETF,鹏华国证ESG300交易型开放式指数证券投资基金,399378.SZ,国证ESG300指数,ESG300,深圳证券信息有限公司,20100920,20100630,1000.0,半年,2021-09-15,2021-09-29,L,SZ,鹏华基金,华泰证券股份有限公司,0.5,纯境内
159550,互联网ETF沪港深,互联网ETF沪港深,西藏东财中证沪港深互联网交易型开放式指数证券投资基金,930625.CSI,中证沪港深互联网指数,SHS互联网,中证指数有限公司,20150421,20120629,1000.0,半年,2025-06-18,2025-06-27,L,SZ,东财基金,广发证券股份有限公司,0.5,纯境内
589680,鹏华科创板综合ETF,科创综指ETF鹏华,鹏华上证科创板综合交易型开放式指数证券投资基金,000680.SH,上证科创板综合指数,科创综指,中证指数有限公司,20250120,20191231,1000.0,不定期调整,2025-02-26,2025-03-05,L,SH,鹏华基金,中国银行股份有限公司,0.15,纯境内
513850,易方达MSCI美国50ETF(QDII),美国50ETF,易方达MSCI美国50交易型开放式指数证券投资基金(QDII),750108.MI,MSCI美国50指数,MSCI美国50指数,摩根士丹利资本国际公司,20220608,20000531,1000.0,三个月,2023-11-06,2023-11-17,L,SH,易方达基金,中国银行股份有限公司,0.5,QDII
513980,景顺长城中证港股通科技ETF,港股科技50ETF,景顺长城中证港股通科技交易型开放式指数证券投资基金,931573.CSI,中证港股通科技指数,港股通科技,中证指数有限公司,20140521,20141231,1000.0,半年,2021-06-21,2021-07-02,L,SH,景顺长城基金,招商银行股份有限公司,0.5,纯境内
517050,互联网50,互联网ETF华泰柏瑞,华泰柏瑞中证沪港深互联网交易型开放式指数证券投资基金,930625.CSI,中证沪港深互联网指数,SHS互联网,中证指数有限公司,20150421,20120629,1000.0,半年,2021-01-25,2021-02-08,L,SH,华泰柏瑞基金,中信建投证券股份有限公司,0.5,纯境内
159996,国泰中证全指家用电器ETF,家电ETF,国泰中证全指家用电器交易型开放式指数证券投资基金,930697.CSI,中证全指家用电器指数,家用电器,中证指数有限公司,20150707,20041231,1000.0,半年,2020-02-27,2020-03-16,L,SZ,国泰基金,上海浦东发展银行股份有限公司,0.5,纯境内
511900,富国收益宝交易型货币H,富国货币ETF,富国收益宝交易型货币市场基金H类,,,,,,,,,2015-11-24,2015-12-09,L,SH,富国基金,中国银行股份有限公司,0.28,纯境内
159217,港股通创新药ETF工银,港股通创新药ETF工银,工银瑞信国证港股通创新药交易型开放式指数证券投资基金,987018.SZ,国证港股通创新药指数,港股通创新药,深圳证券信息有限公司,20211118,20181231,1000.0,三个月,2025-03-26,2025-04-03,L,SZ,工银瑞信基金,广发证券股份有限公司,0.4,纯境内
512770,华夏战略新兴成指ETF,战略新兴ETF,战略新兴成指交易型开放式指数证券投资基金,000171.CSI,中国战略新兴产业成份指数,新兴成指,中证指数有限公司,20170125,20101231,1000.0,半年,2018-07-13,2018-08-16,L,SH,华夏基金,中国建设银行股份有限公司,0.5,纯境内
515600,广发中证央企创新驱动ETF,央企创新ETF,广发中证央企创新驱动交易型开放式指数证券投资基金,000861.CSI,中证央企创新驱动指数,央企创新,中证指数有限公司,20190516,20121231,1000.0,半年,2019-09-20,2019-12-18,L,SH,广发基金,中国工商银行股份有限公司,0.15,纯境内
159249,A500增强ETF工银,A500增强ETF工银,工银瑞信中证A500增强策略交易型开放式指数证券投资基金,000510.SH,中证A500指数,中证A500,中证指数有限公司,20240923,20041231,1000.0,半年,2025-06-20,2025-07-02,L,SZ,工银瑞信基金,广发证券股份有限公司,0.5,纯境内
159539,广发国证信创ETF,信创ETF广发,广发国证信息技术创新主题交易型开放式指数证券投资基金,CN5075.SZ,国证信息技术创新主题指数,国证信创,深圳证券信息有限公司,20150216,20021231,1000.0,半年,2023-09-20,2023-09-28,L,SZ,广发基金,中信银行股份有限公司,0.5,纯境内
588140,广发上证科创板200ETF,科创200ETF广发,广发上证科创板200交易型开放式指数证券投资基金,000699.SH,上证科创板200指数,科创200,中证指数有限公司,20240820,20221230,1000.0,三个月,2025-09-26,2025-10-15,L,SH,广发基金,交通银行股份有限公司,0.15,纯境内
589630,国泰上证科创板综合ETF,科创综指ETF国泰,国泰上证科创板综合交易型开放式指数证券投资基金,000680.SH,上证科创板综合指数,科创综指,中证指数有限公司,20250120,20191231,1000.0,不定期调整,2025-03-04,2025-03-12,L,SH,国泰基金,中国国际金融股份有限公司,0.15,纯境内
511650,华夏快线货币E,华夏快线ETF,华夏快线交易型货币市场基金E类,,,,,,,,,2016-12-29,2017-01-16,L,SH,华夏基金,招商证券股份有限公司,0.2,纯境内
159783,华夏中证科创创业50ETF,科创创业50ETF,华夏中证科创创业50交易型开放式指数证券投资基金,931643.CSI,中证科创创业50指数,科创创业50,中证指数有限公司,20210601,20191231,1000.0,三个月,2021-06-24,2021-07-05,L,SZ,华夏基金,中国银行股份有限公司,0.15,纯境内
563830,博时中证全指自由现金流ETF,全指现金流ETF基金,博时中证全指自由现金流交易型开放式指数证券投资基金,932365.CSI,中证全指自由现金流指数,中证现金流,中证指数有限公司,20241211,20131231,1000.0,三个月,2025-05-14,2025-05-22,L,SH,博时基金,中信银行股份有限公司,0.5,纯境内
510270,国企ETF,国企ETF,上证国有企业100交易型开放式指数证券投资基金,000056.SH,上证国有企业100指数,上证国企,中证指数有限公司,20100104,20090630,1000.0,半年,2011-06-16,2011-08-18,L,SH,中银基金,招商银行股份有限公司,0.5,纯境内
561700,博时中证全指电力公用事业ETF,电力ETF基金,博时中证全指电力公用事业交易型开放式指数证券投资基金,H30199.CSI,中证全指电力公用事业指数,电力指数,中证指数有限公司,20130715,20041231,1000.0,半年,2022-07-01,2022-07-15,L,SH,博时基金,华泰证券股份有限公司,0.5,纯境内
159525,富国中证红利低波动ETF,红利低波ETF,富国中证红利低波动交易型开放式指数证券投资基金,H30269.CSI,中证红利低波动指数,红利低波,中证指数有限公司,20131219,20051230,1000.0,一年,2024-05-07,2024-05-20,L,SZ,富国基金,中国光大银行股份有限公司,0.5,纯境内
159698,粮食ETF,粮食ETF,鹏华国证粮食产业交易型开放式指数证券投资基金,399365.SZ,国证粮食产业指数,国证粮食,深圳证券信息有限公司,20091104,20041231,1000.0,半年,2023-07-26,2023-08-18,L,SZ,鹏华基金,广发证券股份有限公司,0.5,纯境内
159713,富国中证稀土产业ETF,稀土ETF,富国中证稀土产业交易型开放式指数证券投资基金,930598.CSI,中证稀土产业指数,稀土产业,中证指数有限公司,20150302,20111231,1000.0,半年,2021-08-05,2021-08-16,L,SZ,富国基金,招商银行股份有限公司,0.5,纯境内
510210,上证综指ETF,上证指数ETF,上证综指交易型开放式指数证券投资基金,000001.SH,上证综合指数,上证指数,中证指数有限公司,19910715,19901219,100.0,自动调整,2011-01-30,2011-03-25,L,SH,富国基金,中国工商银行股份有限公司,0.5,纯境内
159133,天弘中证细分化工产业主题ETF,化工ETF天弘,天弘中证细分化工产业主题交易型开放式指数证券投资基金,000813.CSI,中证细分化工产业主题指数,细分化工,中证指数有限公司,20120411,20041231,1000.0,半年,2025-11-17,2025-11-25,L,SZ,天弘基金,中信建投证券股份有限公司,0.5,纯境内
515200,申万菱信中证研发创新100交易型开放式指数,创新100ETF,申万菱信中证研发创新100交易型开放式指数证券投资基金,931159.CSI,中证研发创新100指数,创新100,中证指数有限公司,20190516,20140630,1000.0,半年,2019-10-25,2019-11-15,L,SH,申万菱信基金,中国农业银行股份有限公司,0.5,纯境内
159981,建信能源化工期货ETF,能源化工ETF,建信易盛郑商所能源化工期货交易型开放式指数证券投资基金,000201.CZCE,易盛郑商所能源化工指数A,易盛能化A,郑州商品交易所,20100301,20100301,1000.0,,2019-12-13,2020-01-17,L,SZ,建信基金,中国农业银行股份有限公司,0.5,纯境内
159766,富国中证旅游主题ETF,旅游ETF,富国中证旅游主题交易型开放式指数证券投资基金,930633.CSI,中证旅游主题指数,中证旅游,中证指数有限公司,20150508,20081231,1000.0,半年,2021-07-15,2021-07-23,L,SZ,富国基金,中国银行股份有限公司,0.5,纯境内
515210,国泰中证钢铁ETF,钢铁ETF,国泰中证钢铁交易型开放式指数证券投资基金,930606.CSI,中证钢铁指数,中证钢铁,中证指数有限公司,20150331,20081231,1000.0,半年,2020-01-22,2020-03-02,L,SH,国泰基金,招商银行股份有限公司,0.5,纯境内
563510,易方达中证A500红利低波动ETF,A500红利低波ETF,易方达中证A500红利低波动交易型开放式指数证券投资基金,932422.CSI,中证A500红利低波动指数,A500红利低波,中证指数有限公司,20250409,20131231,1000.0,半年,2025-11-17,2025-12-01,L,SH,易方达基金,中国工商银行股份有限公司,0.15,纯境内
513190,华夏中证港股通内地金融ETF,港股通金融ETF,华夏中证港股通内地金融交易型开放式指数证券投资基金,H11146.CSI,中证港股通内地金融指数,港股通内地金融,中证指数有限公司,20100602,20071231,1000.0,半年,2023-09-25,2023-10-11,L,SH,华夏基金,招商银行股份有限公司,0.5,纯境内
159277,富国中证港股通高股息投资ETF,港股通红利ETF富国,富国中证港股通高股息投资交易型开放式指数证券投资基金,930914.CSI,中证港股通高股息投资指数,港股通高股息,中证指数有限公司,20161125,20141114,3000.0,一年,2025-08-05,2025-08-14,L,SZ,富国基金,广发证券股份有限公司,0.3,纯境内
513690,博时恒生高股息ETF,港股红利ETF博时,博时恒生港股通高股息率交易型开放式指数证券投资基金,HSSCHKY.HI,恒生港股通高股息率指数,港股通高股息率指数,恒生指数有限公司,20191118,20141231,3000.0,半年,2021-05-11,2021-05-20,L,SH,博时基金,中国国际金融股份有限公司,0.5,纯境内
159558,易方达中证半导体材料设备主题ETF,半导体设备ETF易方达,易方达中证半导体材料设备主题交易型开放式指数证券投资基金,931743.CSI,中证半导体材料设备主题指数,半导体材料设备,中证指数有限公司,20121221,20181228,1000.0,半年,2024-06-06,2024-06-18,L,SZ,易方达基金,中国银行股份有限公司,0.5,纯境内
589890,景顺长城上证科创板综合价格ETF,科创综指ETF景顺,景顺长城上证科创板综合价格交易型开放式指数证券投资基金,000681.SH,上证科创板综合价格指数,科创价格,中证指数有限公司,20250120,20191231,1000.0,不定期调整,2025-02-26,2025-03-05,L,SH,景顺长城基金,招商银行股份有限公司,0.15,纯境内
159691,港股红利ETF,港股红利ETF,工银瑞信中证港股通高股息精选交易型开放式指数证券投资基金,930839.CSI,中证港股通高股息精选指数,港股通高息精选,中证指数有限公司,20160608,20141114,3000.0,一年,2023-03-30,2023-04-21,L,SZ,工银瑞信基金,广发证券股份有限公司,0.45,纯境内
159696,易方达纳斯达克100ETF(QDII),纳指ETF易方达,易方达纳斯达克100交易型开放式指数证券投资基金(QDII),NDX.NASDAQ,纳斯达克100指数,纳斯达克100指数,美国纳斯达克证券交易所,19850201,19850131,125.0,,2023-08-17,2023-08-25,L,SZ,易方达基金,中国建设银行股份有限公司,0.5,QDII
159368,华夏创业板新能源ETF,创业板新能源ETF华夏,华夏创业板新能源交易型开放式指数证券投资基金,399266.SZ,创业板新能源指数,创新能源,深圳证券信息有限公司,20220929,20171229,1000.0,半年,2025-03-14,2025-03-24,L,SZ,华夏基金,国泰海通证券股份有限公司,0.15,纯境内
510880,华泰柏瑞上证红利ETF,红利ETF,上证红利交易型开放式指数证券投资基金,000015.SH,上证红利指数,红利指数,中证指数有限公司,20050104,20041231,1000.0,一年,2006-11-17,2007-01-18,L,SH,华泰柏瑞基金,招商银行股份有限公司,0.5,纯境内
562870,嘉实中证全指证券公司ETF,证券ETF嘉实,嘉实中证全指证券公司交易型开放式指数证券投资基金,399975.SZ,中证全指证券公司指数,证券公司,中证指数有限公司,20130715,20070629,1000.0,半年,2025-07-17,2025-07-25,L,SH,嘉实基金,招商银行股份有限公司,0.15,纯境内
510160,南方中证小康产业ETF,产业升级ETF,中证南方小康产业交易型开放式指数证券投资基金,000901.SH,中证南方小康产业指数,小康指数,中证指数有限公司,20100402,20051230,1000.0,半年,2010-08-27,2010-11-01,L,SH,南方基金,中国工商银行股份有限公司,0.5,纯境内
588930,科创板AI,科创板人工智能ETF,银华上证科创板人工智能交易型开放式指数证券投资基金,950180.CSI,上证科创板人工智能指数,科创AI,中证指数有限公司,20240725,20221230,1000.0,三个月,2025-01-06,2025-01-14,L,SH,银华基金,中信证券股份有限公司,0.5,纯境内
512150,A50ETF,A50ETF,富时中国A50交易型开放式指数证券投资基金,XIN9.OTH,富时中国A50指数,富时中国A50指数,富时罗素,20030721,20010316,5000.0,三个月,2018-12-21,2019-01-21,L,SH,汇安基金,中国工商银行股份有限公司,0.5,纯境内
512700,南方中证银行ETF,银行ETF南方,南方中证银行交易型开放式指数证券投资基金,399986.SZ,中证银行指数,中证银行,中证指数有限公司,20130715,20041231,1000.0,半年,2017-06-28,2017-07-26,L,SH,南方基金,中国工商银行股份有限公司,0.5,纯境内
563780,方正富邦中证全指自由现金流ETF,现金流全指ETF,方正富邦中证全指自由现金流交易型开放式指数证券投资基金,932365.CSI,中证全指自由现金流指数,中证现金流,中证指数有限公司,20241211,20131231,1000.0,三个月,2025-04-30,2025-05-13,L,SH,方正富邦基金,交通银行股份有限公司,0.5,纯境内
159675,嘉实创业板增强策略ETF,创业板增强ETF,嘉实创业板增强策略交易型开放式指数证券投资基金,399006.SZ,创业板指数,创业板指,深圳证券信息有限公司,20100601,20100531,1000.0,半年,2022-11-24,2022-12-02,L,SZ,嘉实基金,中国建设银行股份有限公司,0.5,纯境内
159578,南方深证主板50ETF,深证主板50ETF南方,南方深证主板50交易型开放式指数证券投资基金,399750.SZ,深证主板50指数,深主板50,深圳证券信息有限公司,20231115,20041231,1000.0,半年,2024-05-30,2024-06-07,L,SZ,南方基金,中国工商银行股份有限公司,0.15,纯境内
588280,华安上证科创板50ETF,科创50ETF指数基金,华安上证科创板50成份交易型开放式指数证券投资基金,000688.SH,上证科创板50成份指数,科创50,中证指数有限公司,20200723,20191231,1000.0,三个月,2021-10-12,2021-10-29,L,SH,华安基金,光大证券股份有限公司,0.15,纯境内
560860,万家中证工业有色金属主题ETF,工业有色ETF,万家中证工业有色金属主题交易型开放式指数证券投资基金,H11059.CSI,中证工业有色金属主题指数,工业有色,中证指数有限公司,20090722,20081231,1000.0,半年,2023-02-22,2023-03-13,L,SH,万家基金,中国建设银行股份有限公司,0.5,纯境内
560020,汇添富中证红利ETF,红利ETF汇添富,汇添富中证红利交易型开放式指数证券投资基金,000922.CSI,中证红利指数,中证红利,中证指数有限公司,20080526,20041231,1000.0,一年,2023-09-26,2023-10-16,L,SH,汇添富基金,招商银行股份有限公司,0.5,纯境内
159230,华夏国证通用航空产业ETF,通用航空ETF基金,华夏国证通用航空产业交易型开放式指数证券投资基金,980076.SZ,国证通用航空产业指数,通用航空,深圳证券信息有限公司,20121228,20120629,1000.0,半年,2025-05-21,2025-05-30,L,SZ,华夏基金,国泰海通证券股份有限公司,0.5,纯境内
159618,华安中证光伏产业ETF,光伏ETF指数基金,华安中证光伏产业交易型开放式指数证券投资基金,931151.CSI,中证光伏产业指数,光伏产业,中证指数有限公司,20190422,20121231,1000.0,半年,2022-04-08,2022-04-22,L,SZ,华安基金,中国建设银行股份有限公司,0.5,纯境内
159923,大成中证A100ETF,中证A100ETF基金,大成中证A100交易型开放式指数证券投资基金,000903.SH,中证A100指数,中证A100,中证指数有限公司,20060529,20051230,1000.0,半年,2013-02-07,2013-03-05,L,SZ,大成基金,中国银行股份有限公司,0.5,纯境内
159595,大成中证A50ETF,中证A50ETF基金,大成中证A50交易型开放式指数证券投资基金,930050.CSI,中证A50指数,中证A50,中证指数有限公司,20240102,20141231,1000.0,半年,2024-03-06,2024-03-18,L,SZ,大成基金,中国农业银行股份有限公司,0.15,纯境内
159735,港股消费,港股消费ETF,银华中证港股通消费主题交易型开放式指数证券投资基金,931454.CSI,中证港股通消费主题指数,港股通消费,中证指数有限公司,20200306,20141114,1000.0,半年,2021-05-25,2021-06-04,L,SZ,银华基金,中国工商银行股份有限公司,0.5,纯境内
159209,招商中证全指红利质量ETF,中证红利质量ETF,招商中证全指红利质量交易型开放式指数证券投资基金,932315.CSI,中证全指红利质量指数,中证红利质量,中证指数有限公司,20240708,20131231,1000.0,半年,2025-03-12,2025-03-25,L,SZ,招商基金,财通证券股份有限公司,0.15,纯境内
513230,华夏中证港股通消费主题ETF,港股消费ETF,华夏中证港股通消费主题交易型开放式指数证券投资基金,931454.CSI,中证港股通消费主题指数,港股通消费,中证指数有限公司,20200306,20141114,1000.0,半年,2022-01-12,2022-01-24,L,SH,华夏基金,交通银行股份有限公司,0.5,纯境内
561330,国泰中证有色金属矿业主题ETF,矿业ETF,国泰中证有色金属矿业主题交易型开放式指数证券投资基金,931892.CSI,中证有色金属矿业主题指数,有色矿业,中证指数有限公司,20130715,20131231,1000.0,半年,2022-10-19,2022-11-01,L,SH,国泰基金,国泰海通证券股份有限公司,0.5,纯境内
516850,华夏中证新能源ETF,新能源ETF基金,华夏中证新能源交易型开放式指数证券投资基金,399808.SZ,中证新能源指数,中证新能,中证指数有限公司,20150210,20111231,1000.0,半年,2021-03-09,2021-03-19,L,SH,华夏基金,中国银行股份有限公司,0.5,纯境内
512510,华泰柏瑞中证500ETF,中证500ETF华泰柏瑞,华泰柏瑞中证500交易型开放式指数证券投资基金,000905.SH,中证小盘500指数,中证500,中证指数有限公司,20070115,20041231,1000.0,半年,2015-05-13,2015-06-12,L,SH,华泰柏瑞基金,中国银行股份有限公司,0.15,纯境内
159617,华夏中证智选500价值稳健策略ETF,500价值ETF,华夏中证智选500价值稳健策略交易型开放式指数证券投资基金,931587.CSI,中证智选500价值稳健策略指数,500价值稳健,中证指数有限公司,20201109,20041231,1000.0,三个月,2022-06-09,2022-06-30,L,SZ,华夏基金,中国农业银行股份有限公司,0.5,纯境内
159862,食品ETF,食品ETF,银华中证细分食品饮料产业主题交易型开放式指数证券投资基金,000815.CSI,中证细分食品饮料产业主题指数,细分食品,中证指数有限公司,20120411,20041231,1000.0,半年,2021-10-26,2021-11-08,L,SZ,银华基金,招商银行股份有限公司,0.5,纯境内
511190,海富通上证基准做市公司债ETF,信用债ETF,海富通上证基准做市公司债交易型开放式指数证券投资基金,950245.CSI,上证基准做市公司债指数,沪做市公司债,中证指数有限公司,20230206,20220630,100.0,一个月,2025-01-16,2025-02-05,L,SH,海富通基金,中信证券股份有限公司,0.15,纯境内
562390,中药,中药50ETF,银华中证中药交易型开放式指数证券投资基金,930641.CSI,中证中药指数,中证中药,中证指数有限公司,20150519,20041231,1000.0,半年,2022-07-20,2022-07-28,L,SH,银华基金,中国工商银行股份有限公司,0.5,纯境内
563360,A500基金,A500ETF华泰柏瑞,华泰柏瑞中证A500交易型开放式指数证券投资基金,000510.SH,中证A500指数,中证A500,中证指数有限公司,20240923,20041231,1000.0,半年,2024-09-25,2024-10-15,L,SH,华泰柏瑞基金,国泰海通证券股份有限公司,0.15,纯境内
563530,易方达中证卫星产业ETF,卫星ETF易方达,易方达中证卫星产业交易型开放式指数证券投资基金,931594.CSI,中证卫星产业指数,卫星产业,中证指数有限公司,20201222,20151231,1000.0,半年,2025-11-05,2025-11-14,L,SH,易方达基金,招商银行股份有限公司,0.5,纯境内
515070,华夏中证人工智能主题ETF,人工智能AIETF,华夏中证人工智能主题交易型开放式指数证券投资基金,930713.CSI,中证人工智能主题指数,CS人工智,中证指数有限公司,20150731,20120629,1000.0,半年,2019-12-09,2019-12-24,L,SH,华夏基金,中国银行股份有限公司,0.5,纯境内
512930,平安人工智能ETF,AI人工智能ETF,平安中证人工智能主题交易型开放式指数证券投资基金,930713.CSI,中证人工智能主题指数,CS人工智,中证指数有限公司,20150731,20120629,1000.0,半年,2019-07-12,2019-08-23,L,SH,平安基金,交通银行股份有限公司,0.15,纯境内
510010,交银上证180公司治理ETF,180治理ETF,上证180公司治理交易型开放式指数证券投资基金,000021.SH,上证180公司治理指数,180治理,中证指数有限公司,20080910,20070629,1000.0,半年,2009-09-25,2009-12-15,L,SH,交银施罗德基金,中国农业银行股份有限公司,0.5,纯境内
512710,富国中证军工龙头ETF,军工龙头ETF,富国中证军工龙头交易型开放式指数证券投资基金,931066.CSI,中证军工龙头指数,军工龙头,中证指数有限公司,20180205,20121231,1000.0,半年,2019-07-23,2019-08-26,L,SH,富国基金,中国建设银行股份有限公司,0.5,纯境内
511880,银华日利,银华日利ETF,银华交易型货币市场基金A类,,,,,,,,,2013-04-01,2013-04-18,L,SH,银华基金,中国建设银行股份有限公司,0.3,纯境内
563690,红利低波ETF永赢,红利低波ETF永赢,永赢中证红利低波动交易型开放式指数证券投资基金,H30269.CSI,中证红利低波动指数,红利低波,中证指数有限公司,20131219,20051230,1000.0,一年,2025-09-23,2025-10-10,L,SH,永赢基金,中国工商银行股份有限公司,0.5,纯境内
513700,香港医药,香港医药ETF,鹏华中证港股通医药卫生综合交易型开放式指数证券投资基金,930975.CSI,中证港股通医药卫生综合人民币指数,港股通医药CCNY,中证指数有限公司,20170623,20141114,3000.0,半年,2021-07-13,2021-08-06,L,SH,鹏华基金,广发证券股份有限公司,0.5,纯境内
159632,华安纳斯达克100ETF(QDII),纳斯达克ETF,华安纳斯达克100交易型开放式指数证券投资基金(QDII),NDX.NASDAQ,纳斯达克100指数,纳斯达克100指数,美国纳斯达克证券交易所,19850201,19850131,125.0,,2022-07-21,2022-08-03,L,SZ,华安基金,中国建设银行股份有限公司,0.6,QDII
517900,招商中证银行AH价格优选ETF,银行AH优选ETF,招商中证银行AH价格优选交易型开放式指数证券投资基金,931039.CSI,中证银行AH价格优选指数,银行AH,中证指数有限公司,20171206,20041231,1000.0,一个月,2022-03-15,2022-03-25,L,SH,招商基金,交通银行股份有限公司,0.5,纯境内
516820,平安中证医疗创新ETF,医疗创新ETF,平安中证医药及医疗器械创新交易型开放式指数证券投资基金,931484.CSI,中证医药及医疗器械创新指数,CS医药创新,中证指数有限公司,20200506,20141231,1000.0,半年,2021-06-09,2021-07-01,L,SH,平安基金,交通银行股份有限公司,0.5,纯境内
159686,易方达中证A100ETF,A100ETF易方达,易方达中证A100交易型开放式指数证券投资基金,000903.SH,中证A100指数,中证A100,中证指数有限公司,20060529,20051230,1000.0,半年,2023-07-11,2023-07-19,L,SZ,易方达基金,招商银行股份有限公司,0.15,纯境内
513880,华安日经225ETF,日经225ETF,华安三菱日联日经225交易型开放式指数证券投资基金(QDII),N225.JT,日经225指数,日经225指数,东京证券交易所,19500907,19490513,176.21,,2019-06-12,2019-06-25,L,SH,华安基金,中国银行股份有限公司,0.2,QDII
159625,嘉实国证绿色电力ETF,绿色电力ETF,嘉实国证绿色电力交易型开放式指数证券投资基金,399438.SZ,国证绿色电力指数,绿色电力,深圳证券信息有限公司,20141230,20021231,1000.0,半年,2022-04-21,2022-04-29,L,SZ,嘉实基金,华泰证券股份有限公司,0.5,纯境内
563770,招商中证全指自由现金流ETF,全指现金流ETF,招商中证全指自由现金流交易型开放式指数证券投资基金,932365.CSI,中证全指自由现金流指数,中证现金流,中证指数有限公司,20241211,20131231,1000.0,三个月,2025-05-08,2025-05-16,L,SH,招商基金,国泰海通证券股份有限公司,0.15,纯境内
517880,品牌消费,品牌消费ETF,华泰柏瑞中证沪港深品牌消费50交易型开放式指数证券投资基金,931404.CSI,中证沪港深品牌消费50指数,SHS品牌消费50,中证指数有限公司,20200220,20091231,1000.0,半年,2021-11-17,2021-12-01,L,SH,华泰柏瑞基金,中国民生银行股份有限公司,0.3,纯境内
159700,南方中证AAA科技创新公司债ETF,科创债ETF南方,南方中证AAA科技创新公司债交易型开放式指数证券投资基金,932160.CSI,中证AAA科技创新公司债指数,AAA科创债,中证指数有限公司,20230824,20220630,100.0,一个月,2025-07-10,2025-07-17,L,SZ,南方基金,兴业银行股份有限公司,0.15,纯境内
510130,易方达上证中盘ETF,上证中盘ETF易方达,易方达上证中盘交易型开放式指数证券投资基金,000044.SH,上证中盘指数,上证中盘,中证指数有限公司,20090703,20031231,1000.0,半年,2010-03-29,2010-06-23,L,SH,易方达基金,中国工商银行股份有限公司,0.15,纯境内
513590,香港消费,香港消费ETF,鹏华中证港股通消费主题交易型开放式指数证券投资基金,931454.CSI,中证港股通消费主题指数,港股通消费,中证指数有限公司,20200306,20141114,1000.0,半年,2021-08-03,2021-08-19,L,SH,鹏华基金,华泰证券股份有限公司,0.5,纯境内
159931,汇添富中证金融地产ETF,金融ETF,中证金融地产交易型开放式指数证券投资基金,000934.SH,中证金融地产指数,800金地,中证指数有限公司,20090703,20041231,1000.0,半年,2013-08-23,2013-09-16,L,SZ,汇添富基金,中国工商银行股份有限公司,0.5,纯境内
588020,易方达上证科创板成长ETF,科创成长50ETF,易方达上证科创板成长交易型开放式指数证券投资基金,000690.SH,上证科创板成长指数,科创成长,中证指数有限公司,20221104,20191231,1000.0,三个月,2023-08-23,2023-08-31,L,SH,易方达基金,国信证券股份有限公司,0.5,纯境内
563620,兴业中证全指自由现金流ETF,自由现金流全指ETF,兴业中证全指自由现金流交易型开放式指数证券投资基金,932365.CSI,中证全指自由现金流指数,中证现金流,中证指数有限公司,20241211,20131231,1000.0,三个月,2025-08-06,2025-08-20,L,SH,兴业基金,财通证券股份有限公司,0.15,纯境内
562380,科技引领,央企科技引领ETF,银华中证国新央企科技引领交易型开放式指数证券投资基金,932038.CSI,中证国新央企科技引领指数,央企科技引领,中证指数有限公司,20221116,20161230,1000.0,半年,2023-06-26,2023-07-06,L,SH,银华基金,中国建设银行股份有限公司,0.5,纯境内
589900,博时科创综指ETF,科创综指ETF博时,博时上证科创板综合交易型开放式指数证券投资基金,000680.SH,上证科创板综合指数,科创综指,中证指数有限公司,20250120,20191231,1000.0,不定期调整,2025-02-26,2025-03-05,L,SH,博时基金,中国银行股份有限公司,0.15,纯境内
159573,华夏创业板中盘200ETF,创业板200ETF华夏,华夏创业板中盘200交易型开放式指数证券投资基金,399019.SZ,创业板中盘200指数,创业200,深圳证券信息有限公司,20231115,20120629,1000.0,半年,2023-12-15,2023-12-25,L,SZ,华夏基金,广发证券股份有限公司,0.15,纯境内
512560,易方达中证军工ETF,军工ETF易方达,易方达中证军工交易型开放式指数证券投资基金,399967.SZ,中证军工指数,中证军工,中证指数有限公司,20131226,20041231,1000.0,半年,2017-07-14,2017-07-28,L,SH,易方达基金,招商银行股份有限公司,0.5,纯境内
589300,嘉实上证科创板综合ETF,科创综指ETF嘉实,嘉实上证科创板综合交易型开放式指数证券投资基金,000680.SH,上证科创板综合指数,科创综指,中证指数有限公司,20250120,20191231,1000.0,不定期调整,2025-04-09,2025-04-17,L,SH,嘉实基金,平安银行股份有限公司,0.15,纯境内
560190,鹏华中证全指公用事业ETF,公用事业ETF,鹏华中证全指公用事业交易型开放式指数证券投资基金,000995.CSI,中证全指公用事业指数,全指公用,中证指数有限公司,20110802,20041231,1000.0,半年,2024-12-25,2025-01-06,L,SH,鹏华基金,国泰海通证券股份有限公司,0.5,纯境内
159991,招商创业板大盘ETF,创大盘ETF,招商创业板大盘交易型开放式指数证券投资基金,399293.SZ,创业板大盘指数,创业大盘,深圳证券信息有限公司,20190418,20121231,1000.0,半年,2020-03-20,2020-04-24,L,SZ,招商基金,中信建投证券股份有限公司,0.2,纯境内
515550,国联中证500ETF,国联中证500ETF,国联中证500交易型开放式指数证券投资基金,000905.SH,中证小盘500指数,中证500,中证指数有限公司,20070115,20041231,1000.0,半年,2019-11-15,2019-12-25,L,SH,国联基金,中国光大银行股份有限公司,0.3,纯境内
530380,易方达上证380ETF,上证380ETF易方达,易方达上证380交易型开放式指数证券投资基金,000009.SH,上证380指数,上证380,中证指数有限公司,20101129,20031231,1000.0,半年,2025-09-22,2025-09-30,L,SH,易方达基金,中国银行股份有限公司,0.15,纯境内
513160,科技30,港股科技30ETF,银华恒生港股通中国科技交易型开放式指数证券投资基金,HSSCT.HI,恒生港股通中国科技指数,港股通中国科技指数,恒生指数有限公司,20200217,20141231,3000.0,半年,2022-01-17,2022-02-09,L,SH,银华基金,招商银行股份有限公司,0.5,纯境内
159232,南方中证全指自由现金流ETF,自由现金流ETF南方,南方中证全指自由现金流交易型开放式指数证券投资基金,932365.CSI,中证全指自由现金流指数,中证现金流,中证指数有限公司,20241211,20131231,1000.0,三个月,2025-04-23,2025-04-30,L,SZ,南方基金,国信证券股份有限公司,0.15,纯境内
159867,畜牧ETF,畜牧ETF,鹏华中证畜牧养殖交易型开放式指数证券投资基金,930707.CSI,中证畜牧养殖指数,中证畜牧,中证指数有限公司,20150713,20111231,1000.0,半年,2021-02-25,2021-03-05,L,SZ,鹏华基金,华泰证券股份有限公司,0.5,纯境内
563990,富国中证800自由现金流ETF,800现金流ETF,富国中证800自由现金流交易型开放式指数证券投资基金,932368.CSI,中证800自由现金流指数,800现金流,中证指数有限公司,20241211,20131231,1000.0,三个月,2025-04-16,2025-04-24,L,SH,富国基金,中国银行股份有限公司,0.5,纯境内
516330,物联网,物联网ETF,华泰柏瑞中证物联网主题交易型开放式指数证券投资基金,930712.CSI,中证物联网主题指数,CS物联网,中证指数有限公司,20150731,20120629,1000.0,半年,2021-03-31,2021-04-09,L,SH,华泰柏瑞基金,上海浦东发展银行股份有限公司,0.5,纯境内
159541,万家创业板综合ETF,创业板综ETF万家,万家创业板综合交易型开放式指数证券投资基金,399102.SZ,创业板综合指数,创业板综,深圳证券信息有限公司,20100820,20100531,1000.0,不定期调整,2023-10-18,2023-10-31,L,SZ,万家基金,中国工商银行股份有限公司,0.5,纯境内
561300,国泰沪深300增强策略ETF,300增强ETF,国泰沪深300增强策略交易型开放式指数证券投资基金,000300.SH,沪深300指数,沪深300,中证指数有限公司,20050408,20041231,1000.0,半年,2021-12-01,2021-12-10,L,SH,国泰基金,中国建设银行股份有限公司,0.5,纯境内
520950,摩根恒生港股通50ETF,港股通50ETF摩根,摩根恒生港股通50交易型开放式指数证券投资基金,HSSC50.HI,恒生港股通50指数,港股通50,恒生指数有限公司,20250113,20211231,3000.0,半年,2025-10-29,2025-11-25,L,SH,摩根基金,江苏银行股份有限公司,0.5,纯境内
159225,现金流ETF基金,现金流ETF基金,银华国证自由现金流交易型开放式指数证券投资基金,980092.SZ,国证自由现金流指数,自由现金流,深圳证券信息有限公司,20121228,20121231,1000.0,三个月,2025-04-09,2025-04-17,L,SZ,银华基金,平安银行股份有限公司,0.5,纯境内
159792,富国中证港股通互联网ETF,港股通互联网ETF,富国中证港股通互联网交易型开放式指数证券投资基金,931637.CSI,中证港股通互联网指数,港股通互联网,中证指数有限公司,20210111,20161230,1000.0,半年,2021-09-15,2021-09-28,L,SZ,富国基金,中国银行股份有限公司,0.5,纯境内
511030,平安中高等级公司债利差因子ETF,公司债ETF,平安中债-中高等级公司债利差因子交易型开放式指数证券投资基金,CBC00703.OTH,中债-中高等级公司债利差因子指数(全价),中债-中高等级公司债利差因子指数(全价),中央国债登记结算有限责任公司,20180615,20150630,100.0,三个月,2018-12-27,2019-03-22,L,SH,平安基金,平安银行股份有限公司,0.15,纯境内
159122,富国创业板新能源ETF,创业板新能源ETF富国,富国创业板新能源交易型开放式指数证券投资基金,399266.SZ,创业板新能源指数,创新能源,深圳证券信息有限公司,20220929,20171229,1000.0,半年,2025-10-22,2025-11-03,L,SZ,富国基金,财通证券股份有限公司,0.5,纯境内
159285,华安国证港股通消费主题ETF,港股通消费ETF华安,华安国证港股通消费主题交易型开放式指数证券投资基金,987024.SZ,国证港股通消费主题指数,港股通消费,深圳证券信息有限公司,20220411,20141231,1000.0,三个月,2025-10-09,2025-10-20,L,SZ,华安基金,中信证券股份有限公司,0.5,纯境内
159555,2000增强ETF,2000增强ETF,银华中证2000增强策略交易型开放式指数证券投资基金,932000.CSI,中证2000指数,中证2000,中证指数有限公司,20230811,20131231,1000.0,半年,2023-12-01,2023-12-12,L,SZ,银华基金,中信证券股份有限公司,0.5,纯境内
560880,广发中证全指家用电器ETF,家电ETF龙头,广发中证全指家用电器交易型开放式指数证券投资基金,930697.CSI,中证全指家用电器指数,家用电器,中证指数有限公司,20150707,20041231,1000.0,半年,2022-03-30,2022-04-12,L,SH,广发基金,中国银行股份有限公司,0.5,纯境内
510320,中金沪深300ETF,沪深300ETF中金,中金沪深300交易型开放式指数证券投资基金,000300.SH,沪深300指数,沪深300,中证指数有限公司,20050408,20041231,1000.0,半年,2025-04-16,2025-04-25,L,SH,中金基金,中国建设银行股份有限公司,0.15,纯境内
560660,新华中证云计算50ETF,云50ETF,新华中证云计算50交易型开放式指数证券投资基金,931469.CSI,中证云计算50指数,云计算50,中证指数有限公司,20200612,20141231,1000.0,半年,2021-08-05,2021-08-25,L,SH,新华基金,招商证券股份有限公司,0.5,纯境内
515630,保险证券,保险证券ETF,鹏华中证800证券保险交易型开放式指数证券投资基金,399966.SZ,中证800证券保险指数,800证保,中证指数有限公司,20121221,20041231,1000.0,半年,2020-02-28,2020-04-03,L,SH,鹏华基金,中国建设银行股份有限公司,0.5,纯境内
159791,华夏沪深300ESG基准ETF,300ESGETF,华夏沪深300ESG基准交易型开放式指数证券投资基金,931463.CSI,沪深300ESG基准指数,300ESG,中证指数有限公司,20200430,20170630,1000.0,半年,2022-02-24,2022-03-08,L,SZ,华夏基金,中国建设银行股份有限公司,0.5,纯境内
159822,新经济,新经济ETF,银华工银南方东英标普中国新经济行业交易型开放式指数证券投资基金(QDII),SPNCSCHN.OTH,标普中国新经济行业指数(A股上限),标普中国新经济行业指数(A股上限),标普道琼斯指数有限公司,20200630,20101231,1000.0,,2020-09-29,2020-10-23,L,SZ,银华基金,中国工商银行股份有限公司,0.25,QDII
516070,易方达中证内地低碳经济主题ETF,低碳ETF易方达,易方达中证内地低碳经济主题交易型开放式指数证券投资基金,000977.CSI,中证内地低碳经济主题指数,内地低碳,中证指数有限公司,20110121,20100630,1000.0,半年,2021-04-15,2021-04-23,L,SH,易方达基金,申万宏源证券有限公司,0.15,纯境内
512000,华宝中证全指证券公司ETF,券商ETF,华宝中证全指证券公司交易型开放式指数证券投资基金,399975.SZ,中证全指证券公司指数,证券公司,中证指数有限公司,20130715,20070629,1000.0,半年,2016-08-30,2016-09-14,L,SH,华宝基金,中国建设银行股份有限公司,0.5,纯境内
516970,广发中证基建工程ETF,基建50ETF,广发中证基建工程交易型开放式指数证券投资基金,399995.SZ,中证基建工程指数,基建工程,中证指数有限公司,20150312,20041231,1000.0,半年,2021-06-23,2021-07-05,L,SH,广发基金,交通银行股份有限公司,0.5,纯境内
159954,南方恒生中国企业ETF,H股ETF,南方恒生中国企业交易型开放式指数证券投资基金,HSCEI.HI,恒生中国企业指数,恒生中国企业指数,恒生指数有限公司,19940808,20000103,2000.0,三个月,2018-02-08,2018-03-15,L,SZ,南方基金,中国工商银行股份有限公司,0.5,纯境内
159872,车联网,智能网联汽车ETF,鹏华中证车联网主题交易型开放式指数证券投资基金,930725.CSI,中证车联网主题指数,CS车联网,中证指数有限公司,20150805,20101231,1000.0,半年,2021-06-16,2021-07-01,L,SZ,鹏华基金,中信证券股份有限公司,0.5,纯境内
513040,易方达中证港股通互联网ETF,港股通互联网ETF,易方达中证港股通互联网交易型开放式指数证券投资基金,931637.CSI,中证港股通互联网指数,港股通互联网,中证指数有限公司,20210111,20161230,1000.0,半年,2023-05-31,2023-06-12,L,SH,易方达基金,华泰证券股份有限公司,0.15,纯境内
588760,广发上证科创板人工智能ETF,人工智能ETF科创,广发上证科创板人工智能交易型开放式指数证券投资基金,950180.CSI,上证科创板人工智能指数,科创AI,中证指数有限公司,20240725,20221230,1000.0,三个月,2025-01-15,2025-01-23,L,SH,广发基金,招商银行股份有限公司,0.5,纯境内
588200,嘉实上证科创板芯片ETF,科创芯片ETF,嘉实上证科创板芯片交易型开放式指数证券投资基金,000685.SH,上证科创板芯片指数,科创芯片,中证指数有限公司,20220613,20191231,1000.0,三个月,2022-09-30,2022-10-26,L,SH,嘉实基金,中信证券股份有限公司,0.5,纯境内
159255,易方达国证通用航空产业ETF,通用航空ETF易方达,易方达国证通用航空产业交易型开放式指数证券投资基金,980076.SZ,国证通用航空产业指数,通用航空,深圳证券信息有限公司,20121228,20120629,1000.0,半年,2025-07-25,2025-08-04,L,SZ,易方达基金,兴业证券股份有限公司,0.5,纯境内
561000,华安沪深300增强策略ETF,沪深300ETF增强基金,华安沪深300增强策略交易型开放式指数证券投资基金,000300.SH,沪深300指数,沪深300,中证指数有限公司,20050408,20041231,1000.0,半年,2022-12-21,2023-01-11,L,SH,华安基金,招商银行股份有限公司,0.5,纯境内
560590,1000ETF增强,1000ETF增强,鹏华中证1000增强策略交易型开放式指数证券投资基金,000852.SH,中证1000指数,中证1000,中证指数有限公司,20141017,20041231,1000.0,半年,2023-09-01,2023-09-25,L,SH,鹏华基金,招商银行股份有限公司,0.8,纯境内
560530,摩根中证A500ETF,中证A500ETF摩根,摩根中证A500交易型开放式指数证券投资基金,000510.SH,中证A500指数,中证A500,中证指数有限公司,20240923,20041231,1000.0,半年,2024-09-24,2024-10-15,L,SH,摩根基金,平安银行股份有限公司,0.15,纯境内
520940,华安恒指港股通ETF,港股通恒生ETF,华安恒指港股通交易型开放式指数证券投资基金,HSISC.HI,恒指港股通指数,恒指港股通,恒生指数有限公司,20240308,20200904,3000.0,三个月,2025-05-26,2025-06-09,L,SH,华安基金,国信证券股份有限公司,0.5,纯境内
588690,科综指增,科创指数增强ETF,银华上证科创板综合增强策略交易型开放式指数证券投资基金,000680.SH,上证科创板综合指数,科创综指,中证指数有限公司,20250120,20191231,1000.0,不定期调整,2025-08-20,2025-08-29,L,SH,银华基金,国泰海通证券股份有限公司,0.5,纯境内
562320,300价值A,沪深300价值ETF,银华沪深300价值交易型开放式指数证券投资基金,000919.CSI,沪深300价值指数,300价值,中证指数有限公司,20080121,20041231,1000.0,半年,2022-12-29,2023-01-12,L,SH,银华基金,中国建设银行股份有限公司,0.5,纯境内
513330,华夏恒生互联网科技业ETF(QDII),恒生互联网ETF,华夏恒生互联网科技业交易型开放式指数证券投资基金(QDII),HSIII.HI,恒生互联网科技业指数,恒生互联网科技业指数,恒生指数有限公司,20150817,20100305,3000.0,三个月,2021-01-26,2021-02-08,L,SH,华夏基金,中国建设银行股份有限公司,0.5,QDII
515030,华夏中证新能源汽车ETF,新能源车ETF,华夏中证新能源汽车交易型开放式指数证券投资基金,399976.SZ,中证新能源汽车指数,CS新能车,中证指数有限公司,20141128,20111231,1000.0,半年,2020-02-20,2020-03-04,L,SH,华夏基金,中国银行股份有限公司,0.5,纯境内
159834,南方上海金ETF,金ETF,南方上海金交易型开放式证券投资基金,SHAU.SGE,黄金集中定价(SHAU合约),SHAU,,,20160419,,,2022-03-03,2022-03-16,L,SZ,南方基金,中国工商银行股份有限公司,0.5,纯境内
159587,广发国证粮食产业ETF,粮食ETF广发,广发国证粮食产业交易型开放式指数证券投资基金,399365.SZ,国证粮食产业指数,国证粮食,深圳证券信息有限公司,20091104,20041231,1000.0,半年,2024-08-08,2024-08-21,L,SZ,广发基金,中国银行股份有限公司,0.5,纯境内
513780,景顺长城中证港股通创新药ETF,港股创新药50ETF,景顺长城中证港股通创新药交易型开放式指数证券投资基金,931250.CSI,中证港股通创新药指数,港股通创新药,中证指数有限公司,20120720,20171229,1000.0,半年,2024-10-16,2024-10-25,L,SH,景顺长城基金,国投证券股份有限公司,0.5,纯境内
515800,添富中证800ETF,800ETF,中证800交易型开放式指数证券投资基金,000906.SH,中证800指数,中证800,中证指数有限公司,20070115,20041231,1000.0,半年,2019-10-08,2019-12-16,L,SH,汇添富基金,平安银行股份有限公司,0.15,纯境内
517990,招商中证沪港深500医药卫生ETF,医药ETF沪港深,招商中证沪港深500医药卫生交易型开放式指数证券投资基金,H30463.CSI,中证沪港深500医药卫生指数,沪港深500医药,中证指数有限公司,20141128,20041231,1000.0,半年,2022-05-09,2022-05-19,L,SH,招商基金,华泰证券股份有限公司,0.5,纯境内
159883,医疗器械ETF,医疗器械ETF,永赢中证全指医疗器械交易型开放式指数证券投资基金,H30217.CSI,中证全指医疗器械指数,医疗器械,中证指数有限公司,20130715,20041231,1000.0,半年,2021-04-22,2021-04-30,L,SZ,永赢基金,招商银行股份有限公司,0.5,纯境内
588890,南方上证科创板芯片ETF,科创芯片ETF南方,南方上证科创板芯片交易型开放式指数证券投资基金,000685.SH,上证科创板芯片指数,科创芯片,中证指数有限公司,20220613,20191231,1000.0,三个月,2024-04-15,2024-04-23,L,SH,南方基金,交通银行股份有限公司,0.5,纯境内
159863,光伏产业,光伏ETF基金,鹏华中证光伏产业交易型开放式指数证券投资基金,931151.CSI,中证光伏产业指数,光伏产业,中证指数有限公司,20190422,20121231,1000.0,半年,2021-02-22,2021-03-11,L,SZ,鹏华基金,申万宏源证券有限公司,0.5,纯境内
561370,国泰中证2000ETF,2000ETF,国泰中证2000交易型开放式指数证券投资基金,932000.CSI,中证2000指数,中证2000,中证指数有限公司,20230811,20131231,1000.0,半年,2023-09-13,2023-09-21,L,SH,国泰基金,中信建投证券股份有限公司,0.5,纯境内
588950,景顺长城上证科创板50成份ETF,科创50ETF景顺,景顺长城上证科创板50成份交易型开放式指数证券投资基金,000688.SH,上证科创板50成份指数,科创50,中证指数有限公司,20200723,20191231,1000.0,三个月,2025-01-15,2025-01-24,L,SH,景顺长城基金,兴业银行股份有限公司,0.15,纯境内
159395,大成深证基准做市信用债ETF,信用债ETF大成,大成深证基准做市信用债交易型开放式指数证券投资基金,921128.SZ,深证基准做市信用债指数,深做市信用债,深圳证券信息有限公司,20230412,20220630,100.0,一个月,2025-01-16,2025-01-27,L,SZ,大成基金,兴业银行股份有限公司,0.15,纯境内
516160,南方中证新能源ETF,新能源ETF,南方中证新能源交易型开放式指数证券投资基金,399808.SZ,中证新能源指数,中证新能,中证指数有限公司,20150210,20111231,1000.0,半年,2021-01-22,2021-02-04,L,SH,南方基金,中国农业银行股份有限公司,0.15,纯境内
589800,易方达上证科创板综合ETF,科创综指ETF易方达,易方达上证科创板综合交易型开放式指数证券投资基金,000680.SH,上证科创板综合指数,科创综指,中证指数有限公司,20250120,20191231,1000.0,不定期调整,2025-02-25,2025-03-04,L,SH,易方达基金,中国工商银行股份有限公司,0.15,纯境内
515710,华宝中证细分食品饮料产业主题ETF,食品ETF,华宝中证细分食品饮料产业主题交易型开放式指数证券投资基金,000815.CSI,中证细分食品饮料产业主题指数,细分食品,中证指数有限公司,20120411,20041231,1000.0,半年,2020-12-24,2021-01-07,L,SH,华宝基金,中国工商银行股份有限公司,0.5,纯境内
561680,平安中证A500红利低波动ETF,中证A500红利低波ETF,平安中证A500红利低波动交易型开放式指数证券投资基金,932422.CSI,中证A500红利低波动指数,A500红利低波,中证指数有限公司,20250409,20131231,1000.0,半年,2025-08-27,2025-09-05,L,SH,平安基金,中国建设银行股份有限公司,0.5,纯境内
159399,国泰富时中国A股自由现金流聚焦ETF,现金流ETF,国泰富时中国A股自由现金流聚焦交易型开放式指数证券投资基金,FCFQCD.OTH,富时中国A股自由现金流聚焦指数,富时中国A股自由现金流聚焦指数,富时罗素,20240729,20131231,1000.0,半年,2025-02-19,2025-02-27,L,SZ,国泰基金,广发证券股份有限公司,0.5,纯境内
560360,万家中证软件服务ETF,软件ETF指数,万家中证软件服务交易型开放式指数证券投资基金,930601.CSI,中证软件服务指数,中证软件,中证指数有限公司,20150310,20041231,1000.0,半年,2024-06-13,2024-06-24,L,SH,万家基金,平安银行股份有限公司,0.5,纯境内
588790,博时科创板人工智能ETF,科创AIETF,博时上证科创板人工智能交易型开放式指数证券投资基金,950180.CSI,上证科创板人工智能指数,科创AI,中证指数有限公司,20240725,20221230,1000.0,三个月,2024-12-31,2025-01-09,L,SH,博时基金,国投证券股份有限公司,0.5,纯境内
510810,中证上海国企ETF,上海国企ETF,中证上海国企交易型开放式指数证券投资基金,950096.CSI,中证上海国企指数,上海国企,中证指数有限公司,20160511,20121231,1000.0,半年,2016-07-28,2016-08-29,L,SH,汇添富基金,中国工商银行股份有限公司,0.45,纯境内
159800,鹏华中证800ETF,中证800ETF,鹏华中证800交易型开放式指数证券投资基金,000906.SH,中证800指数,中证800,中证指数有限公司,20070115,20041231,1000.0,半年,2024-06-27,2024-07-12,L,SZ,鹏华基金,华泰证券股份有限公司,0.5,纯境内
513950,富国恒生港股通高股息低波动ETF(QDII),恒生红利ETF,富国恒生港股通高股息低波动交易型开放式指数证券投资基金(QDII),HSHYLV.HI,恒生港股通高股息低波动指数,港股通高股息低波动,恒生指数有限公司,20170508,20100903,3000.0,半年,2023-04-19,2023-04-28,L,SH,富国基金,中国银行股份有限公司,0.5,QDII
513080,华安法国CAC40ETF,法国CAC40ETF,华安法国CAC40交易型开放式指数证券投资基金(QDII),CAC40.FP,巴黎CAC40指数,巴黎CAC40指数,法国巴黎证券交易所,19880615,19871231,1000.0,,2020-05-29,2020-06-12,L,SH,华安基金,中国银行股份有限公司,0.5,QDII
563280,富国MSCI中国A50互联互通增强策略ETF,A50增强ETF,富国MSCI中国A50互联互通增强策略交易型开放式指数证券投资基金,746059L.MI,MSCI中国A50互联互通(人民币)指数(本币),MSCI中国A50互联互通(人民币)指数(本币),摩根士丹利资本国际公司,20210917,20121130,1000.0,三个月,2024-04-01,2024-04-12,L,SH,富国基金,中国民生银行股份有限公司,0.7,纯境内
159806,国泰中证新能源汽车ETF,新能源车ETF,国泰中证新能源汽车交易型开放式指数证券投资基金,399976.SZ,中证新能源汽车指数,CS新能车,中证指数有限公司,20141128,20111231,1000.0,半年,2020-03-10,2020-03-20,L,SZ,国泰基金,上海浦东发展银行股份有限公司,0.5,纯境内
159222,易方达国证自由现金流ETF,自由现金流ETF易方达,易方达国证自由现金流交易型开放式指数证券投资基金,980092.SZ,国证自由现金流指数,自由现金流,深圳证券信息有限公司,20121228,20121231,1000.0,三个月,2025-04-09,2025-04-17,L,SZ,易方达基金,中信证券股份有限公司,0.15,纯境内
511980,汇添富添富通货币E,现金添富ETF,汇添富添富通货币市场基金E类,,,,,,,,,2015-10-16,2015-11-02,L,SH,汇添富基金,中国工商银行股份有限公司,0.27,纯境内
530080,天弘上证180ETF,上证180ETF天弘,天弘上证180交易型开放式指数证券投资基金,000010.SH,上证180指数,上证180,中证指数有限公司,20020701,20020628,3299.06,半年,2025-01-08,2025-01-23,L,SH,天弘基金,国信证券股份有限公司,0.15,纯境内
510100,易方达上证50ETF,上证50ETF易方达,易方达上证50交易型开放式指数证券投资基金,000016.SH,上证50指数,上证50,中证指数有限公司,20040102,20031231,1000.0,半年,2019-09-06,2019-10-09,L,SH,易方达基金,招商银行股份有限公司,0.15,纯境内
588070,万家上证科创板成长ETF,科创板成长ETF,万家上证科创板成长交易型开放式指数证券投资基金,000690.SH,上证科创板成长指数,科创成长,中证指数有限公司,20221104,20191231,1000.0,三个月,2024-11-06,2024-11-14,L,SH,万家基金,国泰海通证券股份有限公司,0.5,纯境内
159838,博时医药50ETF,医药50ETF,博时中证医药50交易型开放式指数证券投资基金,931140.CSI,中证医药50指数,医药50,中证指数有限公司,20190320,20041231,1000.0,半年,2021-07-22,2021-07-30,L,SZ,博时基金,国泰海通证券股份有限公司,0.5,纯境内
510630,华夏消费ETF,消费30ETF,上证主要消费交易型开放式指数发起式证券投资基金,000036.SH,上证主要消费行业指数,上证消费,中证指数有限公司,20090109,20031231,1000.0,半年,2013-03-28,2013-05-08,L,SH,华夏基金,中国建设银行股份有限公司,0.5,纯境内
510030,上证180价值ETF,价值ETF,上证180价值交易型开放式指数证券投资基金,000029.SH,上证180价值指数,180价值,中证指数有限公司,20090109,20020628,1000.0,半年,2010-04-23,2010-05-28,L,SH,华宝基金,中国工商银行股份有限公司,0.5,纯境内
159260,博时证券公司ETF,证券指数ETF,博时中证全指证券公司交易型开放式指数证券投资基金,399975.SZ,中证全指证券公司指数,证券公司,中证指数有限公司,20130715,20070629,1000.0,半年,2025-10-24,2025-11-04,L,SZ,博时基金,中国银行股份有限公司,0.5,纯境内
159303,大成恒生医疗保健ETF(QDII),恒生医疗ETF基金,大成恒生医疗保健交易型开放式指数证券投资基金(QDII),HSHCI.HI,恒生医疗保健指数,恒生医疗保健指数,恒生指数有限公司,20150817,20100305,3000.0,三个月,2024-06-18,2024-06-27,L,SZ,大成基金,兴业银行股份有限公司,0.5,QDII
588660,兴银中证科创创业50ETF,科创创业50ETF基金,兴银中证科创创业50交易型开放式指数证券投资基金,931643.CSI,中证科创创业50指数,科创创业50,中证指数有限公司,20210601,20191231,1000.0,三个月,2025-02-28,2025-03-17,L,SH,兴银基金,兴业银行股份有限公司,0.15,纯境内
516560,华宝养老ETF,养老ETF,华宝中证养老产业交易型开放式指数证券投资基金,399812.SZ,中证养老产业指数,养老产业,中证指数有限公司,20140606,20041231,1000.0,半年,2021-09-08,2021-09-16,L,SH,华宝基金,中国建设银行股份有限公司,0.5,纯境内
159669,国泰国证绿色电力ETF,绿电ETF,国泰国证绿色电力交易型开放式指数证券投资基金,399438.SZ,国证绿色电力指数,绿色电力,深圳证券信息有限公司,20141230,20021231,1000.0,半年,2022-12-29,2023-01-11,L,SZ,国泰基金,中国邮政储蓄银行股份有限公司,0.5,纯境内
159659,招商纳斯达克100ETF(QDII),纳斯达克100ETF,招商纳斯达克100交易型开放式指数证券投资基金(QDII),NDX.NASDAQ,纳斯达克100指数,纳斯达克100指数,美国纳斯达克证券交易所,19850201,19850131,125.0,,2023-04-12,2023-04-25,L,SZ,招商基金,中国银行股份有限公司,0.5,QDII
589720,国泰上证科创板创新药ETF,科创创新药ETF国泰,国泰上证科创板创新药交易型开放式指数证券投资基金,950161.CSI,上证科创板创新药指数,科创新药,中证指数有限公司,20240823,20221230,1000.0,三个月,2025-07-23,2025-08-01,L,SH,国泰基金,国泰海通证券股份有限公司,0.5,纯境内
510760,国泰上证综合ETF,上证综指ETF,国泰上证综合交易型开放式指数证券投资基金,000001.SH,上证综合指数,上证指数,中证指数有限公司,19910715,19901219,100.0,自动调整,2020-08-21,2020-09-09,L,SH,国泰基金,上海银行股份有限公司,0.15,纯境内
159640,碳中和龙头ETF,碳中和龙头ETF,工银瑞信中证上海环交所碳中和交易型开放式指数证券投资基金,931755.CSI,中证上海环交所碳中和指数,SEEE碳中和,中证指数有限公司,20211021,20170630,1000.0,半年,2022-07-13,2022-07-21,L,SZ,工银瑞信基金,国信证券股份有限公司,0.45,纯境内
516710,华夏中证新材料主题ETF,新材料50ETF,华夏中证新材料主题交易型开放式指数证券投资基金,H30597.CSI,中证新材料主题指数,新材料,中证指数有限公司,20150213,20081231,1000.0,半年,2021-08-04,2021-08-17,L,SH,华夏基金,中国建设银行股份有限公司,0.5,纯境内
159969,深100P,深100ETF银华,银华深证100交易型开放式指数证券投资基金,399330.SZ,深证100指数,深证100,深圳证券信息有限公司,20060124,20021231,1000.0,半年,2019-06-28,2019-08-28,L,SZ,银华基金,国泰海通证券股份有限公司,0.2,纯境内
159310,天弘中证芯片产业ETF,芯片ETF天弘,天弘中证芯片产业交易型开放式指数证券投资基金,H30007.CSI,中证芯片产业指数,芯片产业,中证指数有限公司,20121220,20151231,1000.0,半年,2024-04-18,2024-04-30,L,SZ,天弘基金,光大证券股份有限公司,0.5,纯境内
516750,富国中证全指建筑材料ETF,建材ETF,富国中证全指建筑材料交易型开放式指数证券投资基金,931009.CSI,中证全指建筑材料指数,建筑材料,中证指数有限公司,20130715,20041231,1000.0,半年,2021-10-28,2021-11-05,L,SH,富国基金,上海浦东发展银行股份有限公司,0.5,纯境内
159782,双创50,双创50ETF,银华中证科创创业50交易型开放式指数证券投资基金,931643.CSI,中证科创创业50指数,科创创业50,中证指数有限公司,20210601,20191231,1000.0,三个月,2021-06-29,2021-07-07,L,SZ,银华基金,招商银行股份有限公司,0.5,纯境内
159956,建信创业板ETF,创业板ETF建信,建信创业板交易型开放式指数证券投资基金,399006.SZ,创业板指数,创业板指,深圳证券信息有限公司,20100601,20100531,1000.0,半年,2018-02-06,2018-03-07,L,SZ,建信基金,中国银河证券股份有限公司,0.5,纯境内
510590,平安中证500ETF,中证500ETF平安,平安中证500交易型开放式指数证券投资基金,000905.SH,中证小盘500指数,中证500,中证指数有限公司,20070115,20041231,1000.0,半年,2018-03-23,2018-05-04,L,SH,平安基金,平安银行股份有限公司,0.5,纯境内
159566,易方达国证新能源电池ETF,储能电池ETF,易方达国证新能源电池交易型开放式指数证券投资基金,980027.SZ,国证新能源电池指数,新能源电池,深圳证券信息有限公司,20150216,20141231,1000.0,半年,2024-01-31,2024-02-08,L,SZ,易方达基金,国投证券股份有限公司,0.5,纯境内
513130,恒生科技,恒生科技ETF,华泰柏瑞南方东英恒生科技指数交易型开放式指数证券投资基金(QDII),HSTECH.HI,恒生科技指数,恒生科技指数,恒生指数有限公司,20200727,20141231,3000.0,三个月,2021-05-24,2021-06-01,L,SH,华泰柏瑞基金,中国建设银行股份有限公司,0.2,QDII
159859,天弘国证生物医药ETF,生物医药ETF,天弘国证生物医药交易型开放式指数证券投资基金,399441.SZ,国证生物医药指数,生物医药,深圳证券信息有限公司,20150120,20091231,1000.0,半年,2021-06-24,2021-07-07,L,SZ,天弘基金,中信建投证券股份有限公司,0.5,纯境内
159375,国泰创业板50ETF,创业板50ETF国泰,国泰创业板50交易型开放式指数证券投资基金,399673.SZ,创业板50指数,创业板50,深圳证券信息有限公司,20140618,20100531,1000.0,半年,2024-12-30,2025-01-10,L,SZ,国泰基金,兴业银行股份有限公司,0.15,纯境内
563650,兴业中证A500ETF,中证A500龙头ETF,兴业中证A500交易型开放式指数证券投资基金,000510.SH,中证A500指数,中证A500,中证指数有限公司,20240923,20041231,1000.0,半年,2025-03-25,2025-04-03,L,SH,兴业基金,中信证券股份有限公司,0.15,纯境内
562810,嘉实上证综合增强策略ETF,上证指数增强ETF,嘉实上证综合增强策略交易型开放式指数证券投资基金,000001.SH,上证综合指数,上证指数,中证指数有限公司,19910715,19901219,100.0,自动调整,2025-03-05,2025-03-13,L,SH,嘉实基金,广发证券股份有限公司,0.5,纯境内
159546,国泰中证全指集成电路ETF,集成电路ETF,国泰中证全指集成电路交易型开放式指数证券投资基金,932087.CSI,中证全指集成电路指数,集成电路,中证指数有限公司,20230329,20211231,1000.0,半年,2023-10-11,2023-10-20,L,SZ,国泰基金,中信建投证券股份有限公司,0.5,纯境内
560510,中证A500,中证A500ETF,泰康中证A500交易型开放式指数证券投资基金,000510.SH,中证A500指数,中证A500,中证指数有限公司,20240923,20041231,1000.0,半年,2024-09-27,2024-10-15,L,SH,泰康基金,招商银行股份有限公司,0.15,纯境内
515320,华安中证电子50ETF,电子50ETF,华安中证电子50交易型开放式指数证券投资基金,931461.CSI,中证电子50指数,电子50,中证指数有限公司,20090722,20081231,1000.0,半年,2020-11-25,2021-01-08,L,SH,华安基金,中国银行股份有限公司,0.5,纯境内
516460,鹏华中证800自由现金流ETF,现金流ETF800,鹏华中证800自由现金流交易型开放式指数证券投资基金,932368.CSI,中证800自由现金流指数,800现金流,中证指数有限公司,20241211,20131231,1000.0,三个月,2025-04-17,2025-04-28,L,SH,鹏华基金,交通银行股份有限公司,0.5,纯境内
520980,汇添富恒生港股通中国科技ETF,港股通科技30ETF,汇添富恒生港股通中国科技交易型开放式指数证券投资基金,HSSCT.HI,恒生港股通中国科技指数,港股通中国科技指数,恒生指数有限公司,20200217,20141231,3000.0,半年,2025-06-18,2025-07-02,L,SH,汇添富基金,兴业银行股份有限公司,0.5,纯境内
159129,嘉实中证细分化工产业主题ETF,化工ETF嘉实,嘉实中证细分化工产业主题交易型开放式指数证券投资基金,000813.CSI,中证细分化工产业主题指数,细分化工,中证指数有限公司,20120411,20041231,1000.0,半年,2025-11-06,2025-11-14,L,SZ,嘉实基金,交通银行股份有限公司,0.15,纯境内
159527,广发中证云计算与大数据ETF,云计算ETF广发,广发中证云计算与大数据主题交易型开放式指数证券投资基金,930851.CSI,中证云计算与大数据主题指数,云计算,中证指数有限公司,20160720,20120629,1000.0,半年,2024-01-22,2024-02-01,L,SZ,广发基金,中国建设银行股份有限公司,0.5,纯境内
159649,华安中债1-5年国开行债券ETF,国开债ETF,华安中债1-5年国开行债券交易型开放式指数证券投资基金,CBA08303.OTH,中债-1-5年国开行债券指数(全价),中债-1-5年国开行债券指数(全价),中央国债登记结算有限责任公司,20190128,20111231,100.0,每日,2022-08-08,2022-10-24,L,SZ,华安基金,上海浦东发展银行股份有限公司,0.15,纯境内
159549,天弘中证红利低波动100ETF,红利低波ETF天弘,天弘中证红利低波动100交易型开放式指数证券投资基金,930955.CSI,中证红利低波动100指数,红利低波100,中证指数有限公司,20170526,20051230,1000.0,三个月,2023-11-23,2023-12-11,L,SZ,天弘基金,国泰海通证券股份有限公司,0.5,纯境内
159609,浦银安盛中证光伏产业ETF,光伏龙头ETF,浦银安盛中证光伏产业交易型开放式指数证券投资基金,931151.CSI,中证光伏产业指数,光伏产业,中证指数有限公司,20190422,20121231,1000.0,半年,2022-06-16,2022-07-08,L,SZ,浦银安盛基金,国泰海通证券股份有限公司,0.5,纯境内
560780,广发中证半导体材料设备ETF,芯片设备ETF,广发中证半导体材料设备主题交易型开放式指数证券投资基金,931743.CSI,中证半导体材料设备主题指数,半导体材料设备,中证指数有限公司,20121221,20181228,1000.0,半年,2023-12-01,2023-12-12,L,SH,广发基金,招商银行股份有限公司,0.5,纯境内
159131,华宝中证港股通信息技术综合ETF,港股信息技术ETF,华宝中证港股通信息技术综合交易型开放式指数证券投资基金,930967.CSI,中证港股通信息技术综合指数,港股通信息C,中证指数有限公司,20170623,20141114,3000.0,半年,2025-11-05,2025-11-13,L,SZ,华宝基金,江苏银行股份有限公司,0.5,纯境内
159723,汇添富中证沪港深科技龙头ETF,科技龙头ETF,汇添富中证沪港深科技龙头交易型开放式指数证券投资基金,931524.CSI,中证沪港深科技龙头指数,SHS科技龙头,中证指数有限公司,20200716,20141114,1000.0,半年,2021-09-27,2021-10-15,L,SZ,汇添富基金,中国工商银行股份有限公司,0.15,纯境内
159515,鹏扬中证国有企业红利ETF,国企红利ETF,鹏扬中证国有企业红利交易型开放式指数证券投资基金,000824.CSI,中证国有企业红利指数,国企红利,中证指数有限公司,20120720,20090630,1000.0,半年,2023-08-25,2023-09-06,L,SZ,鹏扬基金,交通银行股份有限公司,0.5,纯境内
516360,华宝新材料ETF,新材料ETF,华宝中证新材料主题交易型开放式指数证券投资基金,H30597.CSI,中证新材料主题指数,新材料,中证指数有限公司,20150213,20081231,1000.0,半年,2021-04-30,2021-05-13,L,SH,华宝基金,中国工商银行股份有限公司,0.5,纯境内
588700,嘉实上证科创板生物医药ETF,科创医药ETF嘉实,嘉实上证科创板生物医药交易型开放式指数证券投资基金,000683.SH,上证科创板生物医药指数,科创生物,中证指数有限公司,20220509,20191231,1000.0,三个月,2023-12-27,2024-01-05,L,SH,嘉实基金,国泰海通证券股份有限公司,0.5,纯境内
159709,物联网ETF工银,物联网ETF工银,工银瑞信深证物联网50交易型开放式指数证券投资基金,399285.SZ,深证物联网50指数,物联网50,深圳证券信息有限公司,20200218,20121231,1000.0,半年,2021-06-18,2021-07-02,L,SZ,工银瑞信基金,国信证券股份有限公司,0.45,纯境内
513870,富国纳斯达克100ETF(QDII),纳指ETF富国,富国纳斯达克100交易型开放式指数证券投资基金(QDII),NDX.NASDAQ,纳斯达克100指数,纳斯达克100指数,美国纳斯达克证券交易所,19850201,19850131,125.0,,2023-10-25,2023-11-02,L,SH,富国基金,招商银行股份有限公司,0.5,QDII
159528,富国中证国有企业改革ETF,国企改革ETF,富国中证国有企业改革交易型开放式指数证券投资基金,399974.SZ,中证国有企业改革指数,国企改革,中证指数有限公司,20140807,20140331,1000.0,三个月,2024-05-07,2024-05-20,L,SZ,富国基金,中国农业银行股份有限公司,0.5,纯境内
510710,博时上证50ETF,上证50ETF博时,博时上证50交易型开放式指数证券投资基金,000016.SH,上证50指数,上证50,中证指数有限公司,20040102,20031231,1000.0,半年,2015-05-27,2015-06-15,L,SH,博时基金,招商银行股份有限公司,0.15,纯境内
511960,嘉实快线货币H,嘉实快线ETF,嘉实快线货币市场基金H类,,,,,,,,,2015-12-28,2016-01-11,L,SH,嘉实基金,上海浦东发展银行股份有限公司,0.15,纯境内
517660,天弘中证沪港深物联网主题ETF,物联网ETF天弘,天弘中证沪港深物联网主题交易型开放式指数证券投资基金,931575.CSI,中证沪港深物联网主题指数,SHS物联网,中证指数有限公司,20150731,20121231,1000.0,半年,2021-10-12,2021-10-25,L,SH,天弘基金,中信建投证券股份有限公司,0.5,纯境内
159238,景顺长城沪深300增强策略ETF,300ETF增强,景顺长城沪深300增强策略交易型开放式指数证券投资基金,000300.SH,沪深300指数,沪深300,中证指数有限公司,20050408,20041231,1000.0,半年,2025-05-28,2025-06-09,L,SZ,景顺长城基金,兴业银行股份有限公司,0.5,纯境内
530530,华夏上证580ETF,上证580ETF华夏,华夏上证580交易型开放式指数证券投资基金,950580.CSI,上证580指数,上证580,中证指数有限公司,20250616,20181228,1000.0,半年,2025-08-20,2025-08-29,L,SH,华夏基金,中国工商银行股份有限公司,0.15,纯境内
159840,锂电池ETF,锂电池ETF,工银瑞信国证新能源车电池交易型开放式指数证券投资基金,980032.SZ,国证新能源车电池指数,新能电池,深圳证券信息有限公司,20150217,20021231,1000.0,半年,2021-08-05,2021-08-20,L,SZ,工银瑞信基金,中信建投证券股份有限公司,0.45,纯境内
517850,汇添富中证沪港深张江自主创新50ETF,张江ETF,汇添富中证沪港深张江自主创新50交易型开放式指数证券投资基金,931596.CSI,中证沪港深张江自主创新50指数,SHS张江50,中证指数有限公司,20201218,20141231,1000.0,半年,2022-04-28,2022-05-16,L,SH,汇添富基金,上海浦东发展银行股份有限公司,0.15,纯境内
562910,易方达中证装备产业ETF,高端制造ETF,易方达中证装备产业交易型开放式指数证券投资基金,H11054.CSI,中证装备产业指数,装备产业,中证指数有限公司,20090722,20081231,1000.0,半年,2021-12-29,2022-01-10,L,SH,易方达基金,中信银行股份有限公司,0.15,纯境内
159858,南方中证创新药产业ETF,创新药ETF南方,南方中证创新药产业交易型开放式指数证券投资基金,931152.CSI,中证创新药产业指数,CS创新药,中证指数有限公司,20190422,20141231,1000.0,半年,2021-03-12,2021-03-25,L,SZ,南方基金,招商银行股份有限公司,0.15,纯境内
513360,博时全球中国教育(QDII-ETF),教育ETF,博时中证全球中国教育主题交易型开放式指数证券投资基金(QDII),931456.CSI,中证全球中国教育主题指数,中国教育,中证指数有限公司,20200421,20141231,1000.0,半年,2021-06-08,2021-06-17,L,SH,博时基金,中国银行股份有限公司,0.5,QDII
516650,华夏中证细分有色金属产业主题ETF,有色金属ETF基金,华夏中证细分有色金属产业主题交易型开放式指数证券投资基金,000811.CSI,中证细分有色金属产业主题指数,细分有色,中证指数有限公司,20120411,20041231,1000.0,半年,2021-06-09,2021-06-21,L,SH,华夏基金,中信银行股份有限公司,0.5,纯境内
159636,港股通科技30ETF,港股通科技30ETF,工银瑞信国证港股通科技交易型开放式指数证券投资基金,987008.SZ,国证港股通科技指数,港股通科技,深圳证券信息有限公司,20210308,20141231,1000.0,三个月,2022-06-30,2022-07-20,L,SZ,工银瑞信基金,中信建投证券股份有限公司,0.45,纯境内
159571,富国创业板中盘200ETF,创业板200ETF富国,富国创业板中盘200交易型开放式指数证券投资基金,399019.SZ,创业板中盘200指数,创业200,深圳证券信息有限公司,20231115,20120629,1000.0,半年,2023-12-20,2024-01-02,L,SZ,富国基金,上海银行股份有限公司,0.5,纯境内
511850,财富宝E,财富宝ETF,招商财富宝交易型货币市场基金E类,,,,,,,,,2016-06-30,2016-07-18,L,SH,招商基金,中国建设银行股份有限公司,0.3,纯境内
516660,华安中证新能源汽车ETF,新能源车ETF基金,华安中证新能源汽车交易型开放式指数证券投资基金,399976.SZ,中证新能源汽车指数,CS新能车,中证指数有限公司,20141128,20111231,1000.0,半年,2021-02-03,2021-02-26,L,SH,华安基金,中国农业银行股份有限公司,0.5,纯境内
515300,嘉实沪深300红利低波动ETF,300红利低波ETF,嘉实沪深300红利低波动交易型开放式指数证券投资基金,930740.CSI,沪深300红利低波动指数,300红利低波,中证指数有限公司,20181204,20041231,1000.0,半年,2019-08-08,2019-09-19,L,SH,嘉实基金,中国工商银行股份有限公司,0.5,纯境内
159500,富国中证500ETF,500ETF,富国中证500交易型开放式指数证券投资基金,000905.SH,中证小盘500指数,中证500,中证指数有限公司,20070115,20041231,1000.0,半年,2025-08-20,2025-08-29,L,SZ,富国基金,国信证券股份有限公司,0.15,纯境内
159213,汇添富中证机器人ETF,机器人ETF基金,汇添富中证机器人交易型开放式指数证券投资基金,H30590.CSI,中证机器人指数,机器人,中证指数有限公司,20150210,20101231,1000.0,半年,2025-04-21,2025-04-30,L,SZ,汇添富基金,国信证券股份有限公司,0.5,纯境内
588720,中银上证科创板50ETF,科创50ETF中银,中银上证科创板50成份交易型开放式指数证券投资基金,000688.SH,上证科创板50成份指数,科创50,中证指数有限公司,20200723,20191231,1000.0,三个月,2025-03-27,2025-04-15,L,SH,中银基金,中国农业银行股份有限公司,0.15,纯境内
159291,招商创业板综合增强策略ETF,创业板综增强ETF招商,招商创业板综合增强策略交易型开放式指数证券投资基金,399102.SZ,创业板综合指数,创业板综,深圳证券信息有限公司,20100820,20100531,1000.0,不定期调整,2025-08-20,2025-09-01,L,SZ,招商基金,兴业银行股份有限公司,0.8,纯境内
159353,景顺长城中证A500ETF,中证A500ETF景顺,景顺长城中证A500交易型开放式指数证券投资基金,000510.SH,中证A500指数,中证A500,中证指数有限公司,20240923,20041231,1000.0,半年,2024-09-24,2024-10-15,L,SZ,景顺长城基金,中国工商银行股份有限公司,0.15,纯境内
517100,富国中证沪港深500ETF,AH500ETF,富国中证沪港深500交易型开放式指数证券投资基金,H30455.CSI,中证沪港深500指数,沪港深500,中证指数有限公司,20141128,20041231,1000.0,半年,2021-02-09,2021-03-02,L,SH,富国基金,中国银行股份有限公司,0.5,纯境内
159943,深证ETF,深证成指ETF,大成深证成份交易型开放式指数证券投资基金,399001.SZ,深证成份指数,深证成指,深圳证券信息有限公司,19950123,19940720,1000.0,半年,2015-06-05,2015-07-08,L,SZ,大成基金,中国农业银行股份有限公司,0.5,纯境内
159592,A50ETF基金,A50ETF基金,银华中证A50交易型开放式指数证券投资基金,930050.CSI,中证A50指数,中证A50,中证指数有限公司,20240102,20141231,1000.0,半年,2024-03-06,2024-03-18,L,SZ,银华基金,交通银行股份有限公司,0.15,纯境内
511930,国联日盈A,国联日盈货币ETF,国联日日盈交易型货币市场基金A类,,,,,,,,,2015-11-30,2015-12-15,L,SH,国联基金,国泰海通证券股份有限公司,0.15,纯境内
159895,易方达中证物联网主题ETF,物联网ETF易方达,易方达中证物联网主题交易型开放式指数证券投资基金,930712.CSI,中证物联网主题指数,CS物联网,中证指数有限公司,20150731,20120629,1000.0,半年,2021-10-13,2021-10-21,L,SZ,易方达基金,招商银行股份有限公司,0.15,纯境内
512480,国联安半导体ETF,半导体ETF,国联安中证全指半导体产品与设备交易型开放式指数证券投资基金,H30184.CSI,中证全指半导体产品与设备指数,半导体,中证指数有限公司,20130715,20041231,1000.0,半年,2019-05-08,2019-06-12,L,SH,国联安基金,国泰海通证券股份有限公司,0.5,纯境内
516800,华宝中证智能制造主题ETF,智能制造ETF,华宝中证智能制造主题交易型开放式指数证券投资基金,930850.CSI,中证智能制造主题指数,智能制造,中证指数有限公司,20160720,20120629,1000.0,半年,2021-01-29,2021-02-19,L,SH,华宝基金,中国工商银行股份有限公司,0.5,纯境内
159944,广发中证全指原材料ETF,材料ETF,广发中证全指原材料交易型开放式指数证券投资基金,000987.SH,中证全指原材料指数,全指材料,中证指数有限公司,20110802,20041231,1000.0,半年,2015-06-25,2015-07-06,L,SZ,广发基金,中国银行股份有限公司,0.5,纯境内
159876,有色龙头ETF,有色龙头ETF,华宝中证有色金属交易型开放式指数证券投资基金,930708.CSI,中证有色金属指数,中证有色,中证指数有限公司,20150713,20131231,1000.0,半年,2021-03-12,2021-03-24,L,SZ,华宝基金,招商银行股份有限公司,0.5,纯境内
560980,广发中证光伏龙头30ETF,光伏ETF龙头,广发中证光伏龙头30交易型开放式指数证券投资基金,931798.CSI,中证光伏龙头30指数,光伏龙头30,中证指数有限公司,20090616,20161230,1000.0,半年,2022-11-16,2022-11-29,L,SH,广发基金,中国民生银行股份有限公司,0.5,纯境内
159687,南方基金南方东英富时亚太低碳精选ETF(QDII),亚太精选ETF,南方基金南方东英富时亚太低碳精选交易型开放式指数证券投资基金(QDII),GPCSP006.OTH,富时亚太低碳精选指数,富时亚太低碳精选指数,富时罗素,20220527,20150918,1000.0,一年,2022-12-16,2022-12-30,L,SZ,南方基金,招商银行股份有限公司,0.2,QDII
520660,南方中证国新港股通央企红利ETF,港股通央企红利ETF南方,南方中证国新港股通央企红利交易型开放式指数证券投资基金,931722CNY100.CSI,中证国新港股通央企红利人民币中间价指数,国新港股通央企红利CPR,中证指数有限公司,20230913,20161230,1000.0,一年,2024-06-26,2024-07-10,L,SH,南方基金,中信建投证券股份有限公司,0.5,纯境内
560520,大成中证红利低波动100ETF,红利低波100ETF基金,大成中证红利低波动100交易型开放式指数证券投资基金,930955.CSI,中证红利低波动100指数,红利低波100,中证指数有限公司,20170526,20051230,1000.0,三个月,2024-04-08,2024-04-18,L,SH,大成基金,中信建投证券股份有限公司,0.5,纯境内
560800,鹏扬中证数字经济主题ETF,数字经济ETF,鹏扬中证数字经济主题交易型开放式指数证券投资基金,931582.CSI,中证数字经济主题指数,数字经济,中证指数有限公司,20201109,20161230,1000.0,半年,2021-12-22,2022-01-07,L,SH,鹏扬基金,招商银行股份有限公司,0.5,纯境内
513290,汇添富纳斯达克生物科技ETF,纳指生物科技ETF,汇添富纳斯达克生物科技交易型开放式指数证券投资基金(QDII),NBI.OTH,纳斯达克生物技术指数,纳斯达克生物技术指数,美国纳斯达克证券交易所,19931101,19931101,,,2022-08-15,2022-08-29,L,SH,汇添富基金,中国银行股份有限公司,0.5,QDII
159857,天弘中证光伏产业ETF,光伏ETF,天弘中证光伏产业交易型开放式指数证券投资基金,931151.CSI,中证光伏产业指数,光伏产业,中证指数有限公司,20190422,20121231,1000.0,半年,2021-02-04,2021-02-24,L,SZ,天弘基金,中信建投证券股份有限公司,0.5,纯境内
510650,华夏金融ETF,金融地产ETF,上证金融地产交易型开放式指数发起式证券投资基金,000038.SH,上证金融地产行业指数,上证金融,中证指数有限公司,20090109,20031231,1000.0,半年,2013-03-28,2013-05-08,L,SH,华夏基金,中国建设银行股份有限公司,0.5,纯境内
159925,南方沪深300ETF,沪深300ETF南方,南方沪深300交易型开放式指数证券投资基金,000300.SH,沪深300指数,沪深300,中证指数有限公司,20050408,20041231,1000.0,半年,2013-02-18,2013-04-11,L,SZ,南方基金,中国工商银行股份有限公司,0.15,纯境内
159553,海富通中证2000增强策略ETF,2000ETF增强,海富通中证2000增强策略交易型开放式指数证券投资基金,932000.CSI,中证2000指数,中证2000,中证指数有限公司,20230811,20131231,1000.0,半年,2024-03-27,2024-04-15,L,SZ,海富通基金,招商银行股份有限公司,0.5,纯境内
515130,博时沪深300ETF,沪深300ETF博时,博时沪深300交易型开放式指数证券投资基金,000300.SH,沪深300指数,沪深300,中证指数有限公司,20050408,20041231,1000.0,半年,2020-04-03,2020-05-11,L,SH,博时基金,中国建设银行股份有限公司,0.15,纯境内
511110,易方达上证基准做市公司债ETF,公司债ETF易方达,易方达上证基准做市公司债交易型开放式指数证券投资基金,950245.CSI,上证基准做市公司债指数,沪做市公司债,中证指数有限公司,20230206,20220630,100.0,一个月,2025-01-16,2025-01-24,L,SH,易方达基金,兴业银行股份有限公司,0.15,纯境内
512910,广发中证A100ETF,中证A100ETF,广发中证A100交易型开放式指数证券投资基金,000903.SH,中证A100指数,中证A100,中证指数有限公司,20060529,20051230,1000.0,半年,2019-05-27,2019-07-01,L,SH,广发基金,中国工商银行股份有限公司,0.5,纯境内
588550,易方达上证科创板综合增强策略ETF,科创综指增强ETF易方达,易方达上证科创板综合增强策略交易型开放式指数证券投资基金,000680.SH,上证科创板综合指数,科创综指,中证指数有限公司,20250120,20191231,1000.0,不定期调整,2025-08-27,2025-09-12,L,SH,易方达基金,平安银行股份有限公司,0.5,纯境内
159757,景顺长城国证新能源车电池ETF,电池ETF景顺,景顺长城国证新能源车电池交易型开放式指数证券投资基金,980032.SZ,国证新能源车电池指数,新能电池,深圳证券信息有限公司,20150217,20021231,1000.0,半年,2021-07-21,2021-08-09,L,SZ,景顺长城基金,华夏银行股份有限公司,0.5,纯境内
512800,华宝中证银行ETF,银行ETF,华宝中证银行交易型开放式指数证券投资基金,399986.SZ,中证银行指数,中证银行,中证指数有限公司,20130715,20041231,1000.0,半年,2017-07-18,2017-08-03,L,SH,华宝基金,中国银行股份有限公司,0.5,纯境内
159220,华宝标普港股通低波红利ETF,港股通红利ETF,华宝标普港股通低波红利交易型开放式指数证券投资基金,SPAHLVCP.OTH,标普港股通低波红利指数,标普港股通低波红利指数,标普道琼斯指数有限公司,20170220,20110131,1000.0,半年,2025-04-29,2025-05-12,L,SZ,华宝基金,中国建设银行股份有限公司,0.5,纯境内
510050,华夏上证50ETF,上证50ETF,上证50交易型开放式指数证券投资基金,000016.SH,上证50指数,上证50,中证指数有限公司,20040102,20031231,1000.0,半年,2004-12-30,2005-02-23,L,SH,华夏基金,中国工商银行股份有限公司,0.15,纯境内
513200,易方达中证港股通医药卫生综合ETF,港股通医药ETF,易方达中证港股通医药卫生综合交易型开放式指数证券投资基金,930965.CSI,中证港股通医药卫生综合指数,港股通医药C,中证指数有限公司,20170623,20141114,3000.0,半年,2022-01-19,2022-02-11,L,SH,易方达基金,中国光大银行股份有限公司,0.15,纯境内
159287,博时创业板综合ETF,创业板综ETF博时,博时创业板综合交易型开放式指数证券投资基金,399102.SZ,创业板综合指数,创业板综,深圳证券信息有限公司,20100820,20100531,1000.0,不定期调整,2025-08-15,2025-08-27,L,SZ,博时基金,中国工商银行股份有限公司,0.15,纯境内
515980,华富中证人工智能产业ETF,人工智能ETF,华富中证人工智能产业交易型开放式指数证券投资基金,931071.CSI,中证人工智能产业指数,人工智能,中证指数有限公司,20181121,20141231,1000.0,半年,2019-12-24,2020-02-10,L,SH,华富基金,招商银行股份有限公司,0.5,纯境内
159970,深100ETF工银,深100ETF工银,工银瑞信深证100交易型开放式指数证券投资基金,399330.SZ,深证100指数,深证100,深圳证券信息有限公司,20060124,20021231,1000.0,半年,2019-12-19,2020-01-10,L,SZ,工银瑞信基金,上海浦东发展银行股份有限公司,0.45,纯境内
515090,博时可持续发展100ETF,可持续发展ETF,博时中证可持续发展100交易型开放式指数证券投资基金,931268.CSI,中证可持续发展100指数,持续发展,中证指数有限公司,20191115,20140630,1000.0,半年,2020-01-19,2020-02-20,L,SH,博时基金,招商银行股份有限公司,0.5,纯境内
551060,中银上证AAA科创债ETF,科创债ETF中银,中银上证AAA科技创新公司债交易型开放式指数证券投资基金,950167.CSI,上证AAA科技创新公司债指数,沪AAA科创债,中证指数有限公司,20230824,20220630,100.0,一个月,2025-09-17,2025-09-24,L,SH,中银基金,浙商银行股份有限公司,0.15,纯境内
520590,鹏华恒生科技ETF(QDII),恒生科技ETF鹏华,鹏华恒生科技交易型开放式指数证券投资基金(QDII),HSTECH.HI,恒生科技指数,恒生科技指数,恒生指数有限公司,20200727,20141231,3000.0,三个月,2025-11-17,2025-12-01,L,SH,鹏华基金,兴业银行股份有限公司,0.5,QDII
561580,央企红利,央企红利ETF,华泰柏瑞中证中央企业红利交易型开放式指数证券投资基金,000825.CSI,中证中央企业红利指数,央企红利,中证指数有限公司,20120720,20081231,1000.0,一年,2023-05-18,2023-05-30,L,SH,华泰柏瑞基金,中信证券股份有限公司,0.5,纯境内
159606,易方达中证500质量成长ETF,中证500成长ETF,易方达中证500质量成长交易型开放式指数证券投资基金,930939.CSI,中证500质量成长指数,500质量成长,中证指数有限公司,20181121,20041231,1000.0,半年,2021-12-17,2021-12-29,L,SZ,易方达基金,国信证券股份有限公司,0.5,纯境内
588810,富国上证科创板芯片ETF,科创芯片ETF富国,富国上证科创板芯片交易型开放式指数证券投资基金,000685.SH,上证科创板芯片指数,科创芯片,中证指数有限公司,20220613,20191231,1000.0,三个月,2024-12-30,2025-01-09,L,SH,富国基金,中泰证券股份有限公司,0.5,纯境内
510550,方正富邦中证500ETF,方正中证500ETF,方正富邦中证500交易型开放式指数证券投资基金,000905.SH,中证小盘500指数,中证500,中证指数有限公司,20070115,20041231,1000.0,半年,2018-11-30,2019-01-16,L,SH,方正富邦基金,中国建设银行股份有限公司,0.15,纯境内
520580,招商利安新兴亚洲精选ETF(QDII),新兴亚洲ETF,招商利安新兴亚洲精选交易型开放式指数证券投资基金(QDII),EMASIAUP.OTH,新交所新兴亚洲精选50指数,新交所新兴亚洲精选50指数,新加坡证券交易有限公司,20240719,20180328,1000.0,半年,2025-01-16,2025-02-20,L,SH,招商基金,中国银行股份有限公司,0.4,QDII
159905,深红利ETF,深红利ETF,深证红利交易型开放式指数证券投资基金,399324.SZ,深证红利指数,深证红利,深圳证券信息有限公司,20060124,20021231,1000.0,半年,2010-11-05,2011-01-11,L,SZ,工银瑞信基金,中国农业银行股份有限公司,0.5,纯境内
561180,富国中证A100ETF,A100ETF,富国中证A100交易型开放式指数证券投资基金,000903.SH,中证A100指数,中证A100,中证指数有限公司,20060529,20051230,1000.0,半年,2022-11-03,2022-11-21,L,SH,富国基金,中国建设银行股份有限公司,0.5,纯境内
159370,创50ETF工银,创50ETF工银,工银瑞信创业板50交易型开放式指数证券投资基金,399673.SZ,创业板50指数,创业板50,深圳证券信息有限公司,20140618,20100531,1000.0,半年,2025-01-10,2025-01-20,L,SZ,工银瑞信基金,兴业银行股份有限公司,0.15,纯境内
515920,博时智能消费ETF,智能消费ETF,博时中证智能消费主题交易型开放式指数证券投资基金,930648.CSI,中证智能消费主题指数,CS智消费,中证指数有限公司,20150605,20120629,1000.0,半年,2020-12-30,2021-01-20,L,SH,博时基金,申万宏源证券有限公司,0.5,纯境内
159682,景顺长城创业板50ETF,创业50ETF,景顺长城创业板50交易型开放式指数证券投资基金,399673.SZ,创业板50指数,创业板50,深圳证券信息有限公司,20140618,20100531,1000.0,半年,2022-12-23,2023-01-03,L,SZ,景顺长城基金,中国农业银行股份有限公司,0.15,纯境内
159513,大成纳斯达克100ETF(QDII),纳斯达克100指数ETF,大成纳斯达克100交易型开放式指数证券投资基金(QDII),NDX.NASDAQ,纳斯达克100指数,纳斯达克100指数,美国纳斯达克证券交易所,19850201,19850131,125.0,,2023-07-12,2023-07-28,L,SZ,大成基金,中国农业银行股份有限公司,0.8,QDII
588160,南方上证科创板新材料ETF,科创材料ETF,南方上证科创板新材料交易型开放式指数证券投资基金,000689.SH,上证科创板新材料指数,科创材料,中证指数有限公司,20220815,20191231,1000.0,三个月,2022-09-30,2022-10-26,L,SH,南方基金,中国邮政储蓄银行股份有限公司,0.5,纯境内
159327,万家中证半导体材料设备主题ETF,半导体设备ETF基金,万家中证半导体材料设备主题交易型开放式指数证券投资基金,931743.CSI,中证半导体材料设备主题指数,半导体材料设备,中证指数有限公司,20121221,20181228,1000.0,半年,2024-07-24,2024-08-05,L,SZ,万家基金,中国建设银行股份有限公司,0.5,纯境内
560810,融通中证诚通央企ESGETF,央企ESGETF,融通中证诚通央企ESG交易型开放式指数证券投资基金,931243.CSI,中证诚通央企ESG指数,诚通央企ESG,中证指数有限公司,20230504,20161230,1000.0,半年,2024-11-25,2024-12-09,L,SH,融通基金,中国建设银行股份有限公司,0.3,纯境内
516200,华安中证全指证券公司ETF,证券ETF指数基金,华安中证全指证券公司交易型开放式指数证券投资基金,399975.SZ,中证全指证券公司指数,证券公司,中证指数有限公司,20130715,20070629,1000.0,半年,2021-03-09,2021-03-22,L,SH,华安基金,中国建设银行股份有限公司,0.5,纯境内
159805,传媒ETF,传媒ETF,鹏华中证传媒交易型开放式指数证券投资基金,399971.SZ,中证传媒指数,中证传媒,中证指数有限公司,20140415,20101231,1000.0,半年,2020-03-06,2020-04-17,L,SZ,鹏华基金,中国建设银行股份有限公司,0.5,纯境内
159703,天弘中证新材料主题ETF,新材料ETF,天弘中证新材料主题交易型开放式指数证券投资基金,H30597.CSI,中证新材料主题指数,新材料,中证指数有限公司,20150213,20081231,1000.0,半年,2021-05-27,2021-06-08,L,SZ,天弘基金,华泰证券股份有限公司,0.5,纯境内
159501,嘉实纳斯达克100ETF(QDII),纳指ETF嘉实,嘉实纳斯达克100交易型开放式指数证券投资基金(QDII),NDX.NASDAQ,纳斯达克100指数,纳斯达克100指数,美国纳斯达克证券交易所,19850201,19850131,125.0,,2023-05-31,2023-06-14,L,SZ,嘉实基金,招商银行股份有限公司,0.5,QDII
516900,华安中证申万食品饮料ETF,食品饮料ETF基金,华安中证申万食品饮料交易型开放式指数证券投资基金,000807.CSI,中证申万食品饮料指数,食品饮料,中证指数有限公司,20120217,20041231,1000.0,半年,2021-04-16,2021-04-28,L,SH,华安基金,中国建设银行股份有限公司,0.5,纯境内
159677,1000增强ETF,1000增强ETF,银华中证1000增强策略交易型开放式指数证券投资基金,000852.SH,中证1000指数,中证1000,中证指数有限公司,20141017,20041231,1000.0,半年,2022-11-24,2022-12-05,L,SZ,银华基金,中国建设银行股份有限公司,0.5,纯境内
589660,南方上证科创板综合ETF,科创综指ETF南方,南方上证科创板综合交易型开放式指数证券投资基金,000680.SH,上证科创板综合指数,科创综指,中证指数有限公司,20250120,20191231,1000.0,不定期调整,2025-02-26,2025-03-05,L,SH,南方基金,招商银行股份有限公司,0.15,纯境内
159108,博时国证工业软件主题ETF,工业软件ETF,博时国证工业软件主题交易型开放式指数证券投资基金,980034.SZ,国证工业软件主题指数,工业软件,深圳证券信息有限公司,20150217,20121231,1000.0,半年,2025-11-12,2025-11-24,L,SZ,博时基金,中信建投证券股份有限公司,0.5,纯境内
159335,融通中证诚通央企科技创新ETF,央企科创ETF,融通中证诚通央企科技创新交易型开放式指数证券投资基金,932052.CSI,中证诚通央企科技创新指数,央企科技创新,中证指数有限公司,20231010,20191231,1000.0,半年,2024-08-22,2024-09-05,L,SZ,融通基金,国泰海通证券股份有限公司,0.3,纯境内
159767,兴银国证新能源车电池ETF,电池龙头ETF,兴银国证新能源车电池交易型开放式指数证券投资基金,980032.SZ,国证新能源车电池指数,新能电池,深圳证券信息有限公司,20150217,20021231,1000.0,半年,2021-08-06,2021-08-23,L,SZ,兴银基金,上海浦东发展银行股份有限公司,0.5,纯境内
159601,华夏MSCI中国A50互联互通ETF,A50ETF,华夏MSCI中国A50互联互通交易型开放式指数证券投资基金,746059L.MI,MSCI中国A50互联互通(人民币)指数(本币),MSCI中国A50互联互通(人民币)指数(本币),摩根士丹利资本国际公司,20210917,20121130,1000.0,三个月,2021-11-01,2021-11-08,L,SZ,华夏基金,招商银行股份有限公司,0.5,纯境内
159619,国泰中证基建ETF,基建ETF,国泰中证基建交易型开放式指数证券投资基金,930608.CSI,中证基建指数,中证基建,中证指数有限公司,20150331,20041231,1000.0,半年,2022-02-09,2022-02-18,L,SZ,国泰基金,中信建投证券股份有限公司,0.5,纯境内
588730,易方达上证科创板人工智能ETF,科创人工智能ETF,易方达上证科创板人工智能交易型开放式指数证券投资基金,950180.CSI,上证科创板人工智能指数,科创AI,中证指数有限公司,20240725,20221230,1000.0,三个月,2025-01-16,2025-01-24,L,SH,易方达基金,上海浦东发展银行股份有限公司,0.5,纯境内
159611,广发中证全指电力ETF,电力ETF,广发中证全指电力公用事业交易型开放式指数证券投资基金,H30199.CSI,中证全指电力公用事业指数,电力指数,中证指数有限公司,20130715,20041231,1000.0,半年,2021-12-29,2022-01-07,L,SZ,广发基金,中国建设银行股份有限公司,0.5,纯境内
562300,低碳ETF,碳中和ETF基金,银华中证内地低碳经济主题交易型开放式指数证券投资基金,000977.CSI,中证内地低碳经济主题指数,内地低碳,中证指数有限公司,20110121,20100630,1000.0,半年,2021-12-20,2022-01-05,L,SH,银华基金,招商银行股份有限公司,0.5,纯境内
516050,科技龙头ETF,科技龙头ETF,工银瑞信中证科技龙头交易型开放式指数证券投资基金,931087.CSI,中证科技龙头指数,科技龙头,中证指数有限公司,20190320,20120629,1000.0,半年,2021-01-21,2021-02-05,L,SH,工银瑞信基金,中信证券股份有限公司,0.45,纯境内
159770,天弘中证机器人ETF,机器人ETF,天弘中证机器人交易型开放式指数证券投资基金,H30590.CSI,中证机器人指数,机器人,中证指数有限公司,20150210,20101231,1000.0,半年,2021-10-26,2021-11-08,L,SZ,天弘基金,国泰海通证券股份有限公司,0.5,纯境内
159787,易方达中证全指建筑材料ETF,建材ETF易方达,易方达中证全指建筑材料交易型开放式指数证券投资基金,931009.CSI,中证全指建筑材料指数,建筑材料,中证指数有限公司,20130715,20041231,1000.0,半年,2022-03-04,2022-03-15,L,SZ,易方达基金,中国建设银行股份有限公司,0.15,纯境内
159837,易方达中证生物科技主题ETF,生物科技ETF,易方达中证生物科技主题交易型开放式指数证券投资基金,930743.CSI,中证生物科技主题指数,中证生科,中证指数有限公司,20150826,20111231,1000.0,半年,2021-01-14,2021-01-27,L,SZ,易方达基金,中国建设银行股份有限公司,0.15,纯境内
511200,华夏上证基准做市公司债ETF,信用债ETF基金,华夏上证基准做市公司债交易型开放式指数证券投资基金,950245.CSI,上证基准做市公司债指数,沪做市公司债,中证指数有限公司,20230206,20220630,100.0,一个月,2025-01-16,2025-02-07,L,SH,华夏基金,兴业银行股份有限公司,0.15,纯境内
562960,易方达中证绿色电力ETF,绿色电力ETF易方达,易方达中证绿色电力交易型开放式指数证券投资基金,931897.CSI,中证绿色电力指数,绿色电力,中证指数有限公司,20121221,20170630,1000.0,半年,2023-04-03,2023-04-12,L,SH,易方达基金,中信建投证券股份有限公司,0.5,纯境内
159796,汇添富中证电池主题ETF,电池50ETF,汇添富中证电池主题交易型开放式指数证券投资基金,931719.CSI,中证电池主题指数,CS电池,中证指数有限公司,20130715,20141231,1000.0,半年,2022-03-03,2022-03-14,L,SZ,汇添富基金,中国银行股份有限公司,0.15,纯境内
159321,华安中证沪深港黄金产业股票ETF,黄金股票ETF,华安中证沪深港黄金产业股票交易型开放式指数证券投资基金,931238.CSI,中证沪深港黄金产业股票指数,SSH黄金股票,中证指数有限公司,20171017,20141231,1000.0,半年,2024-05-09,2024-05-27,L,SZ,华安基金,华泰证券股份有限公司,0.5,纯境内
517800,方正富邦沪港深人工智能50ETF,人工智能50ETF,方正富邦中证沪港深人工智能50交易型开放式指数证券投资基金,931487.CSI,中证沪港深人工智能50指数,SHS人工智能50,中证指数有限公司,20200506,20141231,1000.0,半年,2021-08-04,2021-08-26,L,SH,方正富邦基金,中国工商银行股份有限公司,0.5,纯境内
562000,华宝中证A100ETF,中证A100ETF基金,华宝中证A100交易型开放式指数证券投资基金,000903.SH,中证A100指数,中证A100,中证指数有限公司,20060529,20051230,1000.0,半年,2022-07-21,2022-08-01,L,SH,华宝基金,中国建设银行股份有限公司,0.5,纯境内
562510,华夏中证旅游主题ETF,旅游ETF,华夏中证旅游主题交易型开放式指数证券投资基金,930633.CSI,中证旅游主题指数,中证旅游,中证指数有限公司,20150508,20081231,1000.0,半年,2021-12-21,2021-12-30,L,SH,华夏基金,中国银行股份有限公司,0.5,纯境内
159959,央企ETF,央企ETF,银华中证央企结构调整交易型开放式指数证券投资基金,000860.SH,中证央企结构调整指数,结构调整,中证指数有限公司,20180326,20141231,1000.0,半年,2018-10-22,2019-01-18,L,SZ,银华基金,中国工商银行股份有限公司,0.15,纯境内
516860,博时金融科技ETF,金融科技ETF,博时中证金融科技主题交易型开放式指数证券投资基金,930986.CSI,中证金融科技主题指数,金融科技,中证指数有限公司,20170622,20140630,1000.0,半年,2021-09-24,2021-10-11,L,SH,博时基金,中国建设银行股份有限公司,0.5,纯境内
159967,华夏创成长ETF,创业板成长ETF,华夏创业板动量成长交易型开放式指数证券投资基金,399296.SZ,创业板动量成长指数,创成长,深圳证券信息有限公司,20190123,20121231,1000.0,三个月,2019-06-21,2019-07-15,L,SZ,华夏基金,中国农业银行股份有限公司,0.5,纯境内
159357,博时中证A500ETF,中证A500指数ETF,博时中证A500交易型开放式指数证券投资基金,000510.SH,中证A500指数,中证A500,中证指数有限公司,20240923,20041231,1000.0,半年,2024-11-21,2024-11-28,L,SZ,博时基金,招商银行股份有限公司,0.15,纯境内
563380,航空航天,航空航天ETF,华泰柏瑞中证全指航空航天交易型开放式指数证券投资基金,932088.CSI,中证全指航空航天指数,全指航空,中证指数有限公司,20230323,20211231,1000.0,半年,2025-10-29,2025-11-07,L,SH,华泰柏瑞基金,中信建投证券股份有限公司,0.5,纯境内
511360,海富通中证短融ETF,短融ETF,海富通中证短融交易型开放式指数证券投资基金,H11014.CSI,中证短融指数,中证短融,中证指数有限公司,20081112,20070131,100.0,一个月,2020-08-03,2020-09-25,L,SH,海富通基金,兴业银行股份有限公司,0.15,纯境内
516210,华安中证银行ETF,银行ETF指数基金,华安中证银行交易型开放式指数证券投资基金,399986.SZ,中证银行指数,中证银行,中证指数有限公司,20130715,20041231,1000.0,半年,2021-09-03,2021-09-24,L,SH,华安基金,中国银行股份有限公司,0.5,纯境内
562700,华夏中证汽车零部件主题ETF,汽车零部件ETF,华夏中证汽车零部件主题交易型开放式指数证券投资基金,931230.CSI,中证汽车零部件主题指数,汽车零部件,中证指数有限公司,20130715,20161230,1000.0,半年,2024-05-06,2024-05-14,L,SH,华夏基金,浙商银行股份有限公司,0.5,纯境内
560260,广发中证医疗ETF,医疗ETF龙头,广发中证医疗交易型开放式指数证券投资基金,399989.SZ,中证医疗指数,中证医疗,中证指数有限公司,20141031,20041231,1000.0,半年,2023-09-06,2023-09-15,L,SH,广发基金,北京银行股份有限公司,0.5,纯境内
159797,汇添富中证全指医疗器械ETF,医疗器械ETF基金,汇添富中证全指医疗器械交易型开放式指数证券投资基金,H30217.CSI,中证全指医疗器械指数,医疗器械,中证指数有限公司,20130715,20041231,1000.0,半年,2022-04-28,2022-05-16,L,SZ,汇添富基金,中国农业银行股份有限公司,0.15,纯境内
516020,华宝化工ETF,化工ETF,华宝中证细分化工产业主题交易型开放式指数证券投资基金,000813.CSI,中证细分化工产业主题指数,细分化工,中证指数有限公司,20120411,20041231,1000.0,半年,2021-02-26,2021-03-08,L,SH,华宝基金,中国银行股份有限公司,0.5,纯境内
159934,易方达黄金ETF,黄金ETF,易方达黄金交易型开放式证券投资基金,Au99.99.SGE,黄金9999,Au99.99,,20021030,,,,2013-11-29,2013-12-16,L,SZ,易方达基金,中国工商银行股份有限公司,0.5,纯境内
516010,国泰中证动漫游戏ETF,游戏ETF,国泰中证动漫游戏交易型开放式指数证券投资基金,930901.CSI,中证动漫游戏指数,动漫游戏,中证指数有限公司,20161018,20121231,1000.0,半年,2021-02-25,2021-03-05,L,SH,国泰基金,上海浦东发展银行股份有限公司,0.5,纯境内
561170,富国中证绿色电力ETF,绿色电力ETF,富国中证绿色电力交易型开放式指数证券投资基金,931897.CSI,中证绿色电力指数,绿色电力,中证指数有限公司,20121221,20170630,1000.0,半年,2023-03-02,2023-03-16,L,SH,富国基金,中国民生银行股份有限公司,0.5,纯境内
513390,博时纳斯达克100ETF,纳指100ETF,博时纳斯达克100交易型开放式指数证券投资基金(QDII),NDX.NASDAQ,纳斯达克100指数,纳斯达克100指数,美国纳斯达克证券交易所,19850201,19850131,125.0,,2023-04-19,2023-05-08,L,SH,博时基金,中信银行股份有限公司,0.5,QDII
159271,鹏华恒生ETF,恒生指数ETF,鹏华恒生交易型开放式指数证券投资基金,HSI.HI,恒生指数,恒生指数,恒生指数有限公司,19691124,19640731,100.0,三个月,2025-07-30,2025-08-11,L,SZ,鹏华基金,中国工商银行股份有限公司,0.5,纯境内
159775,建信国证新能源车电池ETF,电池ETF基金,建信国证新能源车电池交易型开放式指数证券投资基金,980032.SZ,国证新能源车电池指数,新能电池,深圳证券信息有限公司,20150217,20021231,1000.0,半年,2022-01-07,2022-01-24,L,SZ,建信基金,中信证券股份有限公司,0.5,纯境内
159681,创50ETF,创50ETF,鹏华创业板50交易型开放式指数证券投资基金,399673.SZ,创业板50指数,创业板50,深圳证券信息有限公司,20140618,20100531,1000.0,半年,2022-12-21,2023-01-03,L,SZ,鹏华基金,交通银行股份有限公司,0.15,纯境内
159935,景顺长城中证500ETF,中证500ETF景顺,景顺长城中证500交易型开放式指数证券投资基金,000905.SH,中证小盘500指数,中证500,中证指数有限公司,20070115,20041231,1000.0,半年,2013-12-26,2014-01-21,L,SZ,景顺长城基金,中国银行股份有限公司,0.5,纯境内
516510,易方达中证云计算与大数据主题ETF,云计算ETF,易方达中证云计算与大数据主题交易型开放式指数证券投资基金,930851.CSI,中证云计算与大数据主题指数,云计算,中证指数有限公司,20160720,20120629,1000.0,半年,2021-03-29,2021-04-07,L,SH,易方达基金,招商银行股份有限公司,0.15,纯境内
159355,华宝中证800红利低波动ETF,800红利低波ETF,华宝中证800红利低波动交易型开放式指数证券投资基金,931848.CSI,中证800红利低波动指数,800红利低波,中证指数有限公司,20240521,20131231,1000.0,半年,2024-11-25,2024-12-03,L,SZ,华宝基金,招商银行股份有限公司,0.5,纯境内
588390,博时中证科创创业50ETF,科创创业50ETF,博时中证科创创业50交易型开放式指数证券投资基金,931643.CSI,中证科创创业50指数,科创创业50,中证指数有限公司,20210601,20191231,1000.0,三个月,2021-08-19,2021-08-30,L,SH,博时基金,招商银行股份有限公司,0.5,纯境内
510560,国寿安保中证500ETF,国寿500ETF,国寿安保中证500交易型开放式指数证券投资基金,000905.SH,中证小盘500指数,中证500,中证指数有限公司,20070115,20041231,1000.0,半年,2015-05-29,2015-07-03,L,SH,国寿安保基金,中国农业银行股份有限公司,0.5,纯境内
512390,平安MSCI中国A股低波动ETF,平安MSCI低波ETF,平安MSCI中国A股低波动交易型开放式指数证券投资基金,707918L.MI,MSCI中国A股国际低波(美元)指数(本币),MSCI中国A股国际低波(美元)指数(本币),摩根士丹利资本国际公司,20150827,20081125,1000.0,,2018-06-07,2018-07-13,L,SH,平安基金,平安银行股份有限公司,0.5,纯境内
159708,红利ETF,红利ETF,西部利得深证红利交易型开放式指数证券投资基金,399324.SZ,深证红利指数,深证红利,深圳证券信息有限公司,20060124,20021231,1000.0,半年,2021-06-18,2021-07-02,L,SZ,西部利得基金,光大证券股份有限公司,0.4,纯境内
159922,嘉实中证500ETF,中证500ETF,嘉实中证500交易型开放式指数证券投资基金,000905.SH,中证小盘500指数,中证500,中证指数有限公司,20070115,20041231,1000.0,半年,2013-02-06,2013-03-15,L,SZ,嘉实基金,中国建设银行股份有限公司,0.15,纯境内
516590,易方达中证智能电动汽车ETF,智能汽车ETF易方达,易方达中证智能电动汽车交易型开放式指数证券投资基金,H11052.CSI,中证智能电动汽车指数,智能电车,中证指数有限公司,20090722,20141231,1000.0,半年,2021-04-29,2021-05-12,L,SH,易方达基金,招商银行股份有限公司,0.15,纯境内
159890,招商中证云计算ETF,云计算ETF,招商中证云计算与大数据主题交易型开放式指数证券投资基金,930851.CSI,中证云计算与大数据主题指数,云计算,中证指数有限公司,20160720,20120629,1000.0,半年,2021-03-25,2021-04-02,L,SZ,招商基金,中信证券股份有限公司,0.15,纯境内
560150,红利TK,红利低波ETF泰康,泰康中证红利低波动交易型开放式指数证券投资基金,H30269.CSI,中证红利低波动指数,红利低波,中证指数有限公司,20131219,20051230,1000.0,一年,2024-03-15,2024-04-08,L,SH,泰康基金,招商银行股份有限公司,0.4,纯境内
159740,大成恒生科技ETF(QDII),恒生科技ETF,大成恒生科技交易型开放式指数证券投资基金(QDII),HSTECH.HI,恒生科技指数,恒生科技指数,恒生指数有限公司,20200727,20141231,3000.0,三个月,2021-05-18,2021-05-27,L,SZ,大成基金,中国银行股份有限公司,0.5,QDII
510190,华安上证50ETF,上证50ETF华安,华安上证50交易型开放式指数证券投资基金,000016.SH,上证50指数,上证50,中证指数有限公司,20040102,20031231,1000.0,半年,2010-11-18,2011-01-10,L,SH,华安基金,中国工商银行股份有限公司,0.15,纯境内
159631,招商中证A100ETF,中证A100ETF,招商中证A100交易型开放式指数证券投资基金,000903.SH,中证A100指数,中证A100,中证指数有限公司,20060529,20051230,1000.0,半年,2022-08-18,2022-08-26,L,SZ,招商基金,中信证券股份有限公司,0.5,纯境内
517080,汇添富中证沪港深500ETF,沪港深500ETF基金,汇添富中证沪港深500交易型开放式指数证券投资基金,H30455.CSI,中证沪港深500指数,沪港深500,中证指数有限公司,20141128,20041231,1000.0,半年,2021-02-01,2021-02-22,L,SH,汇添富基金,中国工商银行股份有限公司,0.15,纯境内
562850,嘉实中证国新央企现代能源ETF,央企能源ETF,嘉实中证国新央企现代能源交易型开放式指数证券投资基金,932037.CSI,中证国新央企现代能源指数,央企现代能源,中证指数有限公司,20221116,20161230,1000.0,半年,2023-07-27,2023-08-09,L,SH,嘉实基金,中国银行股份有限公司,0.5,纯境内
561380,国泰恒生A股电网设备ETF,电网ETF,国泰恒生A股电网设备交易型开放式指数证券投资基金,HSCAUPG.HI,恒生A股电网设备指数,A股电网设备,恒生指数有限公司,20220228,20181231,3000.0,半年,2024-12-11,2024-12-23,L,SH,国泰基金,华夏银行股份有限公司,0.5,纯境内
512620,天弘中证农业主题ETF,农业ETF天弘,天弘中证农业主题交易型开放式指数证券投资基金,000949.CSI,中证农业主题指数,中证农业,中证指数有限公司,20091028,20041231,1000.0,半年,2025-11-12,2025-11-21,L,SH,天弘基金,国泰海通证券股份有限公司,0.5,纯境内
516530,物流快递,物流快递ETF,银华中证现代物流交易型开放式指数证券投资基金,930716.CSI,中证现代物流指数,CS物流,中证指数有限公司,20150731,20111230,1000.0,半年,2022-01-04,2022-01-17,L,SH,银华基金,招商银行股份有限公司,0.5,纯境内
511660,建信现金添益货币H,货币ETF建信添益,建信现金添益交易型货币市场基金H类,,,,,,,,,2016-09-02,2016-09-21,L,SH,建信基金,国泰海通证券股份有限公司,0.25,纯境内
159685,天弘中证1000增强策略ETF,1000增强ETF天弘,天弘中证1000增强策略交易型开放式指数证券投资基金,000852.SH,中证1000指数,中证1000,中证指数有限公司,20141017,20041231,1000.0,半年,2023-03-15,2023-04-03,L,SZ,天弘基金,光大证券股份有限公司,0.5,纯境内
159305,广发国证新能源电池ETF,储能电池ETF广发,广发国证新能源电池交易型开放式指数证券投资基金,980027.SZ,国证新能源电池指数,新能源电池,深圳证券信息有限公司,20150216,20141231,1000.0,半年,2024-09-18,2024-09-27,L,SZ,广发基金,中国银行股份有限公司,0.5,纯境内
159379,融通中证A500ETF,A500ETF融通,融通中证A500交易型开放式指数证券投资基金,000510.SH,中证A500指数,中证A500,中证指数有限公司,20240923,20041231,1000.0,半年,2025-01-09,2025-01-23,L,SZ,融通基金,上海银行股份有限公司,0.15,纯境内
159607,嘉实中证海外中国互联网30ETF(QDII),中概互联网ETF,嘉实中证海外中国互联网30交易型开放式指数证券投资基金(QDII),930604.CSI,中证海外中国互联网30指数,中国互联网30,中证指数有限公司,20150323,20070629,1000.0,半年,2021-11-24,2021-12-02,L,SZ,嘉实基金,中国农业银行股份有限公司,0.5,QDII
588860,科创医药ETF,科创医药ETF,工银瑞信上证科创板生物医药交易型开放式指数证券投资基金,000683.SH,上证科创板生物医药指数,科创生物,中证指数有限公司,20220509,20191231,1000.0,三个月,2024-08-08,2024-08-23,L,SH,工银瑞信基金,华泰证券股份有限公司,0.45,纯境内
561570,油气基金,油气ETF华泰柏瑞,华泰柏瑞中证油气产业交易型开放式指数证券投资基金,H30198.CSI,中证油气产业指数,油气产业,中证指数有限公司,20130715,20041231,1000.0,半年,2024-10-09,2024-10-17,L,SH,华泰柏瑞基金,中信证券股份有限公司,0.5,纯境内
159615,南方恒生生物科技ETF(QDII),恒生生物科技ETF,南方恒生生物科技交易型开放式指数证券投资基金(QDII),HSBIO.HI,恒生生物科技指数,恒生生物科技,恒生指数有限公司,20191216,20131231,10000.0,三个月,2022-06-17,2022-06-28,L,SZ,南方基金,中国农业银行股份有限公司,0.5,QDII
515350,民生加银沪深300ETF,民生加银300ETF,民生加银沪深300交易型开放式指数证券投资基金,000300.SH,沪深300指数,沪深300,中证指数有限公司,20050408,20041231,1000.0,半年,2019-12-24,2020-02-07,L,SH,民生加银基金,中国农业银行股份有限公司,0.15,纯境内
512670,国防ETF,国防ETF,鹏华中证国防交易型开放式指数证券投资基金,399973.SZ,中证国防指数,中证国防,中证指数有限公司,20140415,20110630,1000.0,半年,2019-07-05,2019-08-01,L,SH,鹏华基金,中国建设银行股份有限公司,0.3,纯境内
159720,智能车TK,智能车ETF泰康,泰康中证智能电动汽车交易型开放式指数证券投资基金,H11052.CSI,中证智能电动汽车指数,智能电车,中证指数有限公司,20090722,20141231,1000.0,半年,2021-07-07,2021-07-20,L,SZ,泰康基金,招商银行股份有限公司,0.5,纯境内
513970,景顺长城恒生消费ETF(QDII),恒生消费ETF,景顺长城恒生消费交易型开放式指数证券投资基金(QDII),HSCGSI.HI,恒生消费指数,恒生消费,恒生指数有限公司,20150817,20100305,3000.0,三个月,2023-04-12,2023-04-21,L,SH,景顺长城基金,兴业银行股份有限公司,0.5,QDII
518600,广发上海金ETF,上海金ETF,广发上海金交易型开放式证券投资基金,SHAU.SGE,黄金集中定价(SHAU合约),SHAU,,,20160419,,,2020-07-08,2020-08-05,L,SH,广发基金,招商银行股份有限公司,0.5,纯境内
159262,广发恒生港股通科技主题ETF,港股通科技ETF,广发恒生港股通科技主题交易型开放式指数证券投资基金,HSSCITI.HI,恒生港股通科技主题指数,港股通科技主题,恒生指数有限公司,20230717,20201231,3000.0,半年,2025-06-26,2025-07-07,L,SZ,广发基金,华泰证券股份有限公司,0.5,纯境内
588840,万家上证科创板50成份ETF,科创板50ETF基金,万家上证科创板50成份交易型开放式指数证券投资基金,000688.SH,上证科创板50成份指数,科创50,中证指数有限公司,20200723,20191231,1000.0,三个月,2025-02-26,2025-03-10,L,SH,万家基金,中信银行股份有限公司,0.15,纯境内
516550,嘉实中证大农业ETF,农业ETF,嘉实中证大农业交易型开放式指数证券投资基金,399814.SZ,中证大农业指数,大农业,中证指数有限公司,20140722,20131231,1000.0,半年,2021-03-30,2021-04-08,L,SH,嘉实基金,中国银行股份有限公司,0.5,纯境内
159960,平安恒生中国企业ETF,恒生中国企业ETF,平安港股通恒生中国企业交易型开放式指数证券投资基金,HSCEI.HI,恒生中国企业指数,恒生中国企业指数,恒生指数有限公司,19940808,20000103,2000.0,三个月,2018-09-21,2018-10-22,L,SZ,平安基金,中国银行股份有限公司,0.5,纯境内
588120,国泰上证科创板100ETF,科创板100ETF,国泰上证科创板100交易型开放式指数证券投资基金,000698.SH,上证科创板100指数,科创100,中证指数有限公司,20230807,20191231,1000.0,三个月,2023-09-06,2023-09-15,L,SH,国泰基金,中信证券股份有限公司,0.15,纯境内
513500,博时标普500ETF,标普500ETF,博时标普500交易型开放式指数证券投资基金,SPTR500N.OTH,标普500净总收益指数,标普500净总收益指数,标普道琼斯指数有限公司,19570304,19280103,10.0,,2013-12-05,2014-01-15,L,SH,博时基金,中国工商银行股份有限公司,0.6,QDII
510040,鹏华上证180ETF,上证180ETF指数,鹏华上证180交易型开放式指数证券投资基金,000010.SH,上证180指数,上证180,中证指数有限公司,20020701,20020628,3299.06,半年,2024-12-25,2025-01-06,L,SH,鹏华基金,东方证券股份有限公司,0.15,纯境内
562550,华夏中证绿色电力ETF,绿电ETF,华夏中证绿色电力交易型开放式指数证券投资基金,931897.CSI,中证绿色电力指数,绿色电力,中证指数有限公司,20121221,20170630,1000.0,半年,2023-03-07,2023-03-27,L,SH,华夏基金,中信银行股份有限公司,0.5,纯境内
562310,300成长,沪深300成长ETF,银华沪深300成长交易型开放式指数证券投资基金,000918.CSI,沪深300成长指数,300成长,中证指数有限公司,20080121,20041231,1000.0,半年,2022-09-01,2022-09-09,L,SH,银华基金,中国建设银行股份有限公司,0.5,纯境内
159610,景顺长城中证500增强策略ETF,500ETF增强,景顺长城中证500增强策略交易型开放式指数证券投资基金,000905.SH,中证小盘500指数,中证500,中证指数有限公司,20070115,20041231,1000.0,半年,2021-12-13,2022-01-10,L,SZ,景顺长城基金,中国工商银行股份有限公司,0.5,纯境内
159605,广发中证海外中国互联网30(QDII-ETF),中概互联ETF,广发中证海外中国互联网30交易型开放式指数证券投资基金(QDII),930604.CSI,中证海外中国互联网30指数,中国互联网30,中证指数有限公司,20150323,20070629,1000.0,半年,2021-11-24,2021-12-02,L,SZ,广发基金,中国建设银行股份有限公司,0.5,QDII
512220,景顺长城中证科技传媒通信150ETF,TMTETF,景顺长城中证科技传媒通信150交易型开放式指数证券投资基金,H30318.CSI,中证科技传媒通信150指数,科技传媒通信150,中证指数有限公司,20140415,20110630,1000.0,半年,2014-07-18,2014-08-19,L,SH,景顺长城基金,中国银行股份有限公司,0.5,纯境内
588500,易方达上证科创板100增强策略ETF,科创100增强ETF易方达,易方达上证科创板100增强策略交易型开放式指数证券投资基金,000698.SH,上证科创板100指数,科创100,中证指数有限公司,20230807,20191231,1000.0,三个月,2024-06-27,2024-07-19,L,SH,易方达基金,中国建设银行股份有限公司,0.5,纯境内
159866,日经ETF,日经ETF,工银瑞信大和日经225交易型开放式指数证券投资基金(QDII),N225.JT,日经225指数,日经225指数,东京证券交易所,19500907,19490513,176.21,,2021-03-24,2021-04-08,L,SZ,工银瑞信基金,中国农业银行股份有限公司,0.2,QDII
513030,华安德国(DAX)ETF,德国ETF,华安国际龙头(DAX)交易型开放式指数证券投资基金,GDAXI.GY,德国法兰克福DAX指数,德国法兰克福DAX指数,德国法兰克福证券交易所,19880101,19871230,1000.0,,2014-08-08,2014-09-05,L,SH,华安基金,招商银行股份有限公司,0.8,QDII
159581,万家中证红利ETF,红利ETF基金,万家中证红利交易型开放式指数证券投资基金,000922.CSI,中证红利指数,中证红利,中证指数有限公司,20080526,20041231,1000.0,一年,2024-03-06,2024-03-15,L,SZ,万家基金,中国建设银行股份有限公司,0.5,纯境内
159655,华夏标普500ETF(QDII),标普ETF,华夏标普500交易型开放式指数证券投资基金(QDII),SPX.UN,标普500指数,标普500指数,标普道琼斯指数有限公司,19570304,19280103,10.0,,2022-10-12,2022-10-25,L,SZ,华夏基金,招商银行股份有限公司,0.6,QDII
159679,国泰中证1000增强策略ETF,中证1000增强ETF,国泰中证1000增强策略交易型开放式指数证券投资基金,000852.SH,中证1000指数,中证1000,中证指数有限公司,20141017,20041231,1000.0,半年,2023-02-09,2023-02-22,L,SZ,国泰基金,国泰海通证券股份有限公司,1.0,纯境内
516730,浦银安盛中证证券公司30ETF,证券公司ETF,浦银安盛中证证券公司30交易型开放式指数证券投资基金,931412.CSI,中证证券公司30指数,证券公司30,中证指数有限公司,20200220,20131231,1000.0,半年,2021-11-04,2021-11-12,L,SH,浦银安盛基金,招商银行股份有限公司,0.5,纯境内
159226,国泰中证A500增强策略ETF,中证A500增强ETF,国泰中证A500增强策略交易型开放式指数证券投资基金,000510.SH,中证A500指数,中证A500,中证指数有限公司,20240923,20041231,1000.0,半年,2025-05-20,2025-05-29,L,SZ,国泰基金,中国工商银行股份有限公司,0.5,纯境内
513210,易方达恒生ETF(QDII),恒生ETF易方达,易方达恒生交易型开放式指数证券投资基金(QDII),HSI.HI,恒生指数,恒生指数,恒生指数有限公司,19691124,19640731,100.0,三个月,2024-04-10,2024-04-22,L,SH,易方达基金,中国银行股份有限公司,0.5,QDII
588370,南方上证科创板50成份增强策略ETF,科创50增强ETF南方,南方上证科创板50成份增强策略交易型开放式指数证券投资基金,000688.SH,上证科创板50成份指数,科创50,中证指数有限公司,20200723,20191231,1000.0,三个月,2022-12-01,2022-12-13,L,SH,南方基金,中国银行股份有限公司,0.5,纯境内
159816,0-4地债,0-4地债ETF,鹏华中证0-4年期地方政府债交易型开放式指数证券投资基金,931161.CSI,中证0-4年期地方政府债指数,0-4年地债,中证指数有限公司,20190425,20131231,100.0,三个月,2020-07-30,2020-09-04,L,SZ,鹏华基金,兴业银行股份有限公司,0.15,纯境内
516130,华宝消费龙头ETF,消费龙头ETF,华宝中证消费龙头交易型开放式指数证券投资基金,931068.CSI,中证消费龙头指数,消费龙头,中证指数有限公司,20181121,20041231,1000.0,半年,2021-09-28,2021-10-13,L,SH,华宝基金,中国银行股份有限公司,0.5,纯境内
516310,易方达中证银行ETF,银行ETF易方达,易方达中证银行交易型开放式指数证券投资基金,399986.SZ,中证银行指数,中证银行,中证指数有限公司,20130715,20041231,1000.0,半年,2021-05-20,2021-05-28,L,SH,易方达基金,中国建设银行股份有限公司,0.15,纯境内
513770,华宝中证港股通互联网ETF,港股互联网ETF,华宝中证港股通互联网交易型开放式指数证券投资基金,931637.CSI,中证港股通互联网指数,港股通互联网,中证指数有限公司,20210111,20161230,1000.0,半年,2022-02-09,2022-02-18,L,SH,华宝基金,中国工商银行股份有限公司,0.5,纯境内
515910,质量ETF,质量ETF,中金MSCI中国A股国际质量交易型开放式指数证券投资基金,707717L.MI,MSCI中国A股国际公司质量指数(本币),MSCI中国A股国际公司质量指数(本币),摩根士丹利资本国际公司,20150827,20081125,1000.0,,2021-01-21,2021-02-26,L,SH,中金基金,招商证券股份有限公司,0.3,纯境内
563090,易方达上证50增强策略ETF,上证50增强ETF易方达,易方达上证50增强策略交易型开放式指数证券投资基金,000016.SH,上证50指数,上证50,中证指数有限公司,20040102,20031231,1000.0,半年,2024-05-27,2024-06-06,L,SH,易方达基金,交通银行股份有限公司,0.8,纯境内
159661,嘉实中证A100ETF,A100ETF嘉实,嘉实中证A100交易型开放式指数证券投资基金,000903.SH,中证A100指数,中证A100,中证指数有限公司,20060529,20051230,1000.0,半年,2023-11-23,2023-12-01,L,SZ,嘉实基金,中国银行股份有限公司,0.15,纯境内
511010,国泰上证5年期国债ETF,国债ETF,上证5年期国债交易型开放式指数证券投资基金,000140.CSI,上证5年期国债指数,5年国债,中证指数有限公司,20120912,20071231,100.0,三个月,2013-03-05,2013-03-25,L,SH,国泰基金,中国建设银行股份有限公司,0.15,纯境内
588040,鹏华科创板50ETF,科创50ETF指数,鹏华上证科创板50成份交易型开放式指数证券投资基金,000688.SH,上证科创板50成份指数,科创50,中证指数有限公司,20200723,20191231,1000.0,三个月,2025-04-03,2025-04-14,L,SH,鹏华基金,国泰海通证券股份有限公司,0.15,纯境内
516080,易方达中证创新药产业ETF,创新药ETF易方达,易方达中证创新药产业交易型开放式指数证券投资基金,931152.CSI,中证创新药产业指数,CS创新药,中证指数有限公司,20190422,20141231,1000.0,半年,2021-02-03,2021-02-23,L,SH,易方达基金,中国银行股份有限公司,0.15,纯境内
512640,嘉实中证金融地产ETF,金融地产ETF嘉实,嘉实中证金融地产交易型开放式指数证券投资基金,000934.SH,中证金融地产指数,800金地,中证指数有限公司,20090703,20041231,1000.0,半年,2014-06-20,2014-07-25,L,SH,嘉实基金,中国银行股份有限公司,0.5,纯境内
159877,南方中证全指医疗保健设备与服务ETF,医疗ETF南方,南方中证全指医疗保健设备与服务交易型开放式指数证券投资基金,H30178.CSI,中证全指医疗保健设备与服务指数,医疗保健,中证指数有限公司,20130715,20041231,1000.0,半年,2021-10-22,2021-11-03,L,SZ,南方基金,中国工商银行股份有限公司,0.5,纯境内
159849,招商中证生物科技主题ETF,生物科技指数ETF,招商中证生物科技主题交易型开放式指数证券投资基金,930743.CSI,中证生物科技主题指数,中证生科,中证指数有限公司,20150826,20111231,1000.0,半年,2021-02-08,2021-03-02,L,SZ,招商基金,中国银河证券股份有限公司,0.5,纯境内
563660,银河中证A500ETF,A500ETF银河,银河中证A500交易型开放式指数证券投资基金,000510.SH,中证A500指数,中证A500,中证指数有限公司,20240923,20041231,1000.0,半年,2025-03-20,2025-04-02,L,SH,银河基金,中国农业银行股份有限公司,0.15,纯境内
516000,华夏中证大数据产业ETF,数据ETF,华夏中证大数据产业交易型开放式指数证券投资基金,930902.CSI,中证大数据产业指数,中证数据,中证指数有限公司,20161018,20121231,1000.0,半年,2021-02-09,2021-03-01,L,SH,华夏基金,中国银行股份有限公司,0.5,纯境内
159745,国泰中证全指建筑材料ETF,建材ETF,国泰中证全指建筑材料交易型开放式指数证券投资基金,931009.CSI,中证全指建筑材料指数,建筑材料,中证指数有限公司,20130715,20041231,1000.0,半年,2021-06-09,2021-06-18,L,SZ,国泰基金,中国银河证券股份有限公司,0.5,纯境内
588920,鹏华科创板芯片ETF,科创芯片ETF指数,鹏华上证科创板芯片交易型开放式指数证券投资基金,000685.SH,上证科创板芯片指数,科创芯片,中证指数有限公司,20220613,20191231,1000.0,三个月,2025-07-16,2025-07-28,L,SH,鹏华基金,国泰海通证券股份有限公司,0.5,纯境内
159936,广发中证全指可选消费ETF,可选消费ETF,广发中证全指可选消费交易型开放式指数证券投资基金,000989.SH,中证全指可选消费指数,全指可选,中证指数有限公司,20110802,20041231,1000.0,半年,2014-06-03,2014-06-25,L,SZ,广发基金,中国银行股份有限公司,0.5,纯境内
159656,万家沪深300成长ETF,300成长ETF,万家沪深300成长交易型开放式指数证券投资基金,000918.CSI,沪深300成长指数,300成长,中证指数有限公司,20080121,20041231,1000.0,半年,2022-12-28,2023-01-16,L,SZ,万家基金,中国建设银行股份有限公司,0.5,纯境内
159276,汇添富国证自由现金流ETF,现金流ETF汇添富,汇添富国证自由现金流交易型开放式指数证券投资基金,980092.SZ,国证自由现金流指数,自由现金流,深圳证券信息有限公司,20121228,20121231,1000.0,三个月,2025-07-17,2025-07-28,L,SZ,汇添富基金,交通银行股份有限公司,0.5,纯境内
159642,大成中证上海环交所碳中和ETF,碳中和100ETF,大成中证上海环交所碳中和交易型开放式指数证券投资基金,931755.CSI,中证上海环交所碳中和指数,SEEE碳中和,中证指数有限公司,20211021,20170630,1000.0,半年,2022-07-13,2022-07-21,L,SZ,大成基金,招商银行股份有限公司,0.5,纯境内
561200,中证A100ETF工银,中证A100ETF工银,工银瑞信中证A100交易型开放式指数证券投资基金,000903.SH,中证A100指数,中证A100,中证指数有限公司,20060529,20051230,1000.0,半年,2023-12-22,2024-01-05,L,SH,工银瑞信基金,中国农业银行股份有限公司,0.45,纯境内
159257,汇添富国证通用航空产业ETF,航空ETF基金,汇添富国证通用航空产业交易型开放式指数证券投资基金,980076.SZ,国证通用航空产业指数,通用航空,深圳证券信息有限公司,20121228,20120629,1000.0,半年,2025-07-16,2025-07-28,L,SZ,汇添富基金,中信建投证券股份有限公司,0.5,纯境内
159311,易方达中证数字经济主题ETF,数字经济ETF易方达,易方达中证数字经济主题交易型开放式指数证券投资基金,931582.CSI,中证数字经济主题指数,数字经济,中证指数有限公司,20201109,20161230,1000.0,半年,2025-07-07,2025-07-15,L,SZ,易方达基金,交通银行股份有限公司,0.5,纯境内
513650,南方标普500ETF(QDII),标普500ETF南方,南方标普500交易型开放式指数证券投资基金(QDII),SPX.UN,标普500指数,标普500指数,标普道琼斯指数有限公司,19570304,19280103,10.0,,2023-03-23,2023-04-04,L,SH,南方基金,招商银行股份有限公司,0.6,QDII
159110,万家深证AAA科技创新公司债ETF,科创债ETF万家,万家深证AAA科技创新公司债交易型开放式指数证券投资基金,921130.SZ,深证AAA科技创新公司债指数,深AAA科创债,深圳证券信息有限公司,20231123,20221230,100.0,一个月,2025-09-17,2025-09-24,L,SZ,万家基金,兴业银行股份有限公司,0.15,纯境内
159958,创业板ETF工银,创业板ETF工银,工银瑞信创业板交易型开放式指数证券投资基金,399006.SZ,创业板指数,创业板指,深圳证券信息有限公司,20100601,20100531,1000.0,半年,2017-12-25,2018-01-19,L,SZ,工银瑞信基金,中国银行股份有限公司,0.5,纯境内
159371,富国创业板50ETF,创业板50ETF富国,富国创业板50交易型开放式指数证券投资基金,399673.SZ,创业板50指数,创业板50,深圳证券信息有限公司,20140618,20100531,1000.0,半年,2025-01-24,2025-02-12,L,SZ,富国基金,中信证券股份有限公司,0.15,纯境内
512820,中证银行ETF,银行ETF龙头,中证银行交易型开放式指数证券投资基金,399986.SZ,中证银行指数,中证银行,中证指数有限公司,20130715,20041231,1000.0,半年,2018-10-23,2018-11-23,L,SH,汇添富基金,招商银行股份有限公司,0.5,纯境内
588000,华夏上证科创板50成份ETF,科创50ETF,华夏上证科创板50成份交易型开放式指数证券投资基金,000688.SH,上证科创板50成份指数,科创50,中证指数有限公司,20200723,20191231,1000.0,三个月,2020-09-28,2020-11-16,L,SH,华夏基金,招商银行股份有限公司,0.15,纯境内
159572,易方达创业板中盘200ETF,创业板200ETF易方达,易方达创业板中盘200交易型开放式指数证券投资基金,399019.SZ,创业板中盘200指数,创业200,深圳证券信息有限公司,20231115,20120629,1000.0,半年,2023-12-15,2023-12-25,L,SZ,易方达基金,中国银行股份有限公司,0.15,纯境内
589700,南方上证科创板成长ETF,科创成长ETF南方,南方上证科创板成长交易型开放式指数证券投资基金,000690.SH,上证科创板成长指数,科创成长,中证指数有限公司,20221104,20191231,1000.0,三个月,2025-05-21,2025-06-05,L,SH,南方基金,中国银行股份有限公司,0.5,纯境内
512200,南方中证全指房地产ETF,房地产ETF,南方中证全指房地产交易型开放式指数证券投资基金,931775.CSI,中证全指房地产指数,房地产,中证指数有限公司,20130715,20041231,1000.0,半年,2017-08-25,2017-09-25,L,SH,南方基金,中国工商银行股份有限公司,0.5,纯境内
516500,华夏中证生物科技主题ETF,生物科技ETF,华夏中证生物科技主题交易型开放式指数证券投资基金,930743.CSI,中证生物科技主题指数,中证生科,中证指数有限公司,20150826,20111231,1000.0,半年,2021-03-04,2021-03-17,L,SH,华夏基金,中国建设银行股份有限公司,0.5,纯境内
589990,科创板综,科创综指ETF华泰柏瑞,华泰柏瑞上证科创板综合交易型开放式指数证券投资基金,000680.SH,上证科创板综合指数,科创综指,中证指数有限公司,20250120,20191231,1000.0,不定期调整,2025-02-26,2025-03-05,L,SH,华泰柏瑞基金,兴业银行股份有限公司,0.15,纯境内
530880,银河上证国有企业红利ETF,红利ETF国企,银河上证国有企业红利交易型开放式指数证券投资基金,000151.SH,上证国有企业红利指数,上国红利,中证指数有限公司,20120720,20090630,1000.0,一年,2024-10-30,2024-11-12,L,SH,银河基金,广发证券股份有限公司,0.45,纯境内
159660,汇添富纳斯达克100ETF,纳指100ETF,汇添富纳斯达克100交易型开放式指数证券投资基金(QDII),NDX.NASDAQ,纳斯达克100指数,纳斯达克100指数,美国纳斯达克证券交易所,19850201,19850131,125.0,,2023-03-30,2023-04-17,L,SZ,汇添富基金,中国建设银行股份有限公司,0.5,QDII
159688,华安恒生互联网科技业ETF(QDII),恒生互联网ETF,华安恒生互联网科技业交易型开放式指数证券投资基金(QDII),HSIII.HI,恒生互联网科技业指数,恒生互联网科技业指数,恒生指数有限公司,20150817,20100305,3000.0,三个月,2023-01-17,2023-02-15,L,SZ,华安基金,招商银行股份有限公司,0.5,QDII
159325,南方中证半导体行业精选ETF,半导体ETF南方,南方中证半导体行业精选交易型开放式指数证券投资基金,932066.CSI,中证半导体行业精选指数,半导体行业精选,中证指数有限公司,20231110,20141231,1000.0,半年,2024-10-31,2024-11-08,L,SZ,南方基金,招商银行股份有限公司,0.15,纯境内
159721,深证100ETF永赢,深证100ETF永赢,永赢深证100交易型开放式指数证券投资基金,399330.SZ,深证100指数,深证100,深圳证券信息有限公司,20060124,20021231,1000.0,半年,2021-06-17,2021-06-25,L,SZ,永赢基金,中国银行股份有限公司,0.15,纯境内
159612,国泰标普500ETF,标普500ETF,国泰标普500交易型开放式指数证券投资基金(QDII),SPX.UN,标普500指数,标普500指数,标普道琼斯指数有限公司,19570304,19280103,10.0,,2022-05-09,2022-05-20,L,SZ,国泰基金,招商银行股份有限公司,0.6,QDII
561100,富国中证消费电子主题ETF,消费电子ETF富国,富国中证消费电子主题交易型开放式指数证券投资基金,931494.CSI,中证消费电子主题指数,消费电子,中证指数有限公司,20200612,20121231,1000.0,半年,2022-01-20,2022-02-08,L,SH,富国基金,交通银行股份有限公司,0.5,纯境内
159906,大成深证成长40ETF,深成长ETF大成,深证成长40交易型开放式指数证券投资基金,399326.SZ,深证成长40指数,成长40,深圳证券信息有限公司,20060124,20021231,1000.0,半年,2010-12-21,2011-02-23,L,SZ,大成基金,中国农业银行股份有限公司,0.5,纯境内
159328,易方达中证家电龙头ETF,家电ETF易方达,易方达中证家电龙头交易型开放式指数证券投资基金,931021.CSI,中证家电龙头指数,家电龙头,中证指数有限公司,20171017,20041231,1000.0,半年,2024-11-07,2024-11-15,L,SZ,易方达基金,中国农业银行股份有限公司,0.5,纯境内
512260,华安中证500低波ETF,中证500低波动ETF,华安中证500行业中性低波动交易型开放式指数证券投资基金,930782.CSI,中证500行业中性低波动指数,500SNLV,中证指数有限公司,20160204,20041231,1000.0,半年,2018-11-30,2019-01-11,L,SH,华安基金,中国建设银行股份有限公司,0.5,纯境内
560000,浦银安盛中证智能电动汽车ETF,智慧电车ETF,浦银安盛中证智能电动汽车交易型开放式指数证券投资基金,H11052.CSI,中证智能电动汽车指数,智能电车,中证指数有限公司,20090722,20141231,1000.0,半年,2021-09-17,2021-09-30,L,SH,浦银安盛基金,招商银行股份有限公司,0.5,纯境内
159982,中证500,中证500ETF鹏华,鹏华中证500交易型开放式指数证券投资基金,000905.SH,中证小盘500指数,中证500,中证指数有限公司,20070115,20041231,1000.0,半年,2019-11-21,2020-02-20,L,SZ,鹏华基金,中国工商银行股份有限公司,0.15,纯境内
159326,华夏中证电网设备主题ETF,电网设备ETF,华夏中证电网设备主题交易型开放式指数证券投资基金,931994.CSI,中证电网设备主题指数,电网设备主题,中证指数有限公司,20221011,20140630,1000.0,半年,2024-08-29,2024-09-09,L,SZ,华夏基金,招商证券股份有限公司,0.5,纯境内
562930,易方达中证软件服务ETF,软件ETF易方达,易方达中证软件服务交易型开放式指数证券投资基金,930601.CSI,中证软件服务指数,中证软件,中证指数有限公司,20150310,20041231,1000.0,半年,2023-05-22,2023-06-05,L,SH,易方达基金,兴业银行股份有限公司,0.5,纯境内
560050,汇添富MSCI中国A50互联互通ETF,MSCI中国A50ETF,汇添富MSCI中国A50互联互通交易型开放式指数证券投资基金,746059L.MI,MSCI中国A50互联互通(人民币)指数(本币),MSCI中国A50互联互通(人民币)指数(本币),摩根士丹利资本国际公司,20210917,20121130,1000.0,三个月,2021-10-29,2021-11-08,L,SH,汇添富基金,交通银行股份有限公司,0.5,纯境内
159531,南方中证2000ETF,中证2000ETF,南方中证2000交易型开放式指数证券投资基金,932000.CSI,中证2000指数,中证2000,中证指数有限公司,20230811,20131231,1000.0,半年,2023-09-07,2023-09-18,L,SZ,南方基金,中国工商银行股份有限公司,0.15,纯境内
159928,汇添富中证主要消费ETF,消费ETF,中证主要消费交易型开放式指数证券投资基金,000932.SH,中证主要消费指数,800消费,中证指数有限公司,20090703,20041231,1000.0,半年,2013-08-23,2013-09-16,L,SZ,汇添富基金,中国工商银行股份有限公司,0.5,纯境内
159591,富国中证A50ETF,中证A50ETF,富国中证A50交易型开放式指数证券投资基金,930050.CSI,中证A50指数,中证A50,中证指数有限公司,20240102,20141231,1000.0,半年,2024-03-07,2024-03-18,L,SZ,富国基金,招商银行股份有限公司,0.15,纯境内
159650,博时中债0-3年国开行ETF,国开ETF,博时中债0-3年国开行债券交易型开放式指数证券投资基金,CBA11901.OTH,中债-0-3年国开行债券指数,中债-0-3年国开行债券指数,中央国债登记结算有限责任公司,20190628,20111231,100.0,每日,2022-08-26,2022-10-28,L,SZ,博时基金,杭州银行股份有限公司,0.15,纯境内
510020,博时上证超大盘ETF,超大盘ETF,上证超级大盘交易型开放式指数证券投资基金,000043.SH,上证超级大盘指数,超大盘,中证指数有限公司,20090423,20031231,1000.0,半年,2009-12-29,2010-03-19,L,SH,博时基金,中国建设银行股份有限公司,0.5,纯境内
159763,建信中证新材料主题ETF,新材料ETF基金,建信中证新材料主题交易型开放式指数证券投资基金,H30597.CSI,中证新材料主题指数,新材料,中证指数有限公司,20150213,20081231,1000.0,半年,2021-08-19,2021-09-13,L,SZ,建信基金,中信建投证券股份有限公司,0.5,纯境内
159652,汇添富中证细分有色金属产业主题ETF,有色50ETF,汇添富中证细分有色金属产业主题交易型开放式指数证券投资基金,000811.CSI,中证细分有色金属产业主题指数,细分有色,中证指数有限公司,20120411,20041231,1000.0,半年,2023-01-16,2023-02-08,L,SZ,汇添富基金,中国工商银行股份有限公司,0.5,纯境内
510500,南方中证500ETF,中证500ETF,中证500交易型开放式指数证券投资基金,000905.SH,中证小盘500指数,中证500,中证指数有限公司,20070115,20041231,1000.0,半年,2013-02-06,2013-03-15,L,SH,南方基金,中国农业银行股份有限公司,0.15,纯境内
159620,华夏中证智选500成长创新策略ETF,500成长ETF,华夏中证智选500成长创新策略交易型开放式指数证券投资基金,931590.CSI,中证智选500成长创新策略指数,500成长创新,中证指数有限公司,20201109,20041231,1000.0,三个月,2022-07-19,2022-08-05,L,SZ,华夏基金,中国建设银行股份有限公司,0.5,纯境内
588170,华夏上证科创板半导体材料设备主题ETF,科创半导体ETF,华夏上证科创板半导体材料设备主题交易型开放式指数证券投资基金,950125.CSI,上证科创板半导体材料设备主题指数,科创半导体材料设备,中证指数有限公司,20240726,20191231,1000.0,半年,2025-03-24,2025-04-08,L,SH,华夏基金,长江证券股份有限公司,0.5,纯境内
512520,MSCIETF,MSCIETF,华泰柏瑞MSCI中国A股国际通交易型开放式指数证券投资基金,716567.MI,MSCI中国A股国际通(人民币)指数,MSCI中国A股国际通(人民币)指数,摩根士丹利资本国际公司,20171023,20170831,1000.0,,2018-04-26,2018-05-18,L,SH,华泰柏瑞基金,中国建设银行股份有限公司,0.15,纯境内
516390,汇添富中证新能源汽车产业ETF,新能源汽车ETF,汇添富中证新能源汽车产业交易型开放式指数证券投资基金,930997.CSI,中证新能源汽车产业指数,新能源车,中证指数有限公司,20170719,20141231,1000.0,半年,2021-06-03,2021-06-18,L,SH,汇添富基金,中国工商银行股份有限公司,0.15,纯境内
588150,南方上证科创板50成份ETF,科创50ETF南方,南方上证科创板50成份交易型开放式指数证券投资基金,000688.SH,上证科创板50成份指数,科创50,中证指数有限公司,20200723,20191231,1000.0,三个月,2021-12-10,2021-12-20,L,SH,南方基金,中国工商银行股份有限公司,0.15,纯境内
516830,富国沪深300ESG基准ETF,300ESGETF,富国沪深300ESG基准交易型开放式指数证券投资基金,931463.CSI,沪深300ESG基准指数,300ESG,中证指数有限公司,20200430,20170630,1000.0,半年,2021-06-24,2021-07-05,L,SH,富国基金,中国农业银行股份有限公司,0.15,纯境内
511700,场内货币,场内货币ETF,平安交易型货币市场基金E类,,,,,,,,,2016-09-23,2016-10-17,L,SH,平安基金,国泰海通证券股份有限公司,0.15,纯境内
513580,华安恒生科技ETF,恒生科技ETF指数,华安恒生科技交易型开放式指数证券投资基金(QDII),HSTECH.HI,恒生科技指数,恒生科技指数,恒生指数有限公司,20200727,20141231,3000.0,三个月,2021-05-20,2021-05-27,L,SH,华安基金,中国银行股份有限公司,0.5,QDII
516580,博时新能源ETF,新能源主题ETF,博时中证新能源交易型开放式指数证券投资基金,399808.SZ,中证新能源指数,中证新能,中证指数有限公司,20150210,20111231,1000.0,半年,2021-07-15,2021-07-26,L,SH,博时基金,中信建投证券股份有限公司,0.5,纯境内
551550,华夏中证AAA科技创新公司债ETF,华夏中证AAA科技创新公司债ETF,华夏中证AAA科技创新公司债交易型开放式指数证券投资基金,932160.CSI,中证AAA科技创新公司债指数,AAA科创债,中证指数有限公司,20230824,20220630,100.0,一个月,2025-07-10,2025-07-17,L,SH,华夏基金,招商银行股份有限公司,0.15,纯境内
510660,华夏医药ETF,医药卫生ETF,上证医药卫生交易型开放式指数发起式证券投资基金,000037.SH,上证医药卫生行业指数,上证医药,中证指数有限公司,20090109,20031231,1000.0,半年,2013-03-28,2013-05-08,L,SH,华夏基金,中国建设银行股份有限公司,0.5,纯境内
517110,国泰中证沪港深创新药产业ETF,创新药ETF国泰,国泰中证沪港深创新药产业交易型开放式指数证券投资基金,931409.CSI,中证沪港深创新药产业指数,SHS创新药,中证指数有限公司,20200220,20141231,1000.0,半年,2021-09-08,2021-09-30,L,SH,国泰基金,招商银行股份有限公司,0.5,纯境内
511770,金鹰现金增益E,金鹰增益货币ETF,金鹰现金增益交易型货币市场基金E类,,,,,,,,,2017-03-20,2017-04-10,L,SH,金鹰基金,招商证券股份有限公司,0.28,纯境内
520550,招商恒生港股通高股息低波动ETF,港股红利低波ETF,招商恒生港股通高股息低波动交易型开放式指数证券投资基金,HSHYLV.HI,恒生港股通高股息低波动指数,港股通高股息低波动,恒生指数有限公司,20170508,20100903,3000.0,半年,2025-01-15,2025-01-24,L,SH,招商基金,兴业银行股份有限公司,0.15,纯境内
512900,南方中证全指证券公司ETF,证券ETF南方,南方中证全指证券公司交易型开放式指数证券投资基金,399975.SZ,中证全指证券公司指数,证券公司,中证指数有限公司,20130715,20070629,1000.0,半年,2017-03-10,2017-03-31,L,SH,南方基金,中国银行股份有限公司,0.5,纯境内
510570,兴业中证500ETF,兴业中证500ETF,兴业中证500交易型开放式指数证券投资基金,000905.SH,中证小盘500指数,中证500,中证指数有限公司,20070115,20041231,1000.0,半年,2020-06-30,2020-08-12,L,SH,兴业基金,中国银行股份有限公司,0.5,纯境内
515990,添富中证国企一带一路ETF,国企一带一路ETF,汇添富中证国企一带一路交易型开放式指数证券投资基金,000859.CSI,中证国企一带一路指数,国企一带一路,中证指数有限公司,20190516,20131231,1000.0,半年,2019-11-06,2020-01-15,L,SH,汇添富基金,中国农业银行股份有限公司,0.15,纯境内
510800,建信上证50ETF,50ETF基金,建信上证50交易型开放式指数证券投资基金,000016.SH,上证50指数,上证50,中证指数有限公司,20040102,20031231,1000.0,半年,2017-12-22,2018-01-15,L,SH,建信基金,中国银河证券股份有限公司,0.5,纯境内
589950,富国上证科创板100ETF,科创100ETF富国,富国上证科创板100交易型开放式指数证券投资基金,000698.SH,上证科创板100指数,科创100,中证指数有限公司,20230807,20191231,1000.0,三个月,2025-09-29,2025-10-17,L,SH,富国基金,兴业银行股份有限公司,0.15,纯境内
159843,招商国证食品饮料ETF,食品饮料ETF,招商国证食品饮料行业交易型开放式指数证券投资基金,399396.SZ,国证食品饮料行业指数,国证食品,深圳证券信息有限公司,20121029,20041231,1000.0,半年,2021-01-25,2021-02-05,L,SZ,招商基金,申万宏源证券有限公司,0.5,纯境内
159647,中药ETF,中药ETF,鹏华中证中药交易型开放式指数证券投资基金,930641.CSI,中证中药指数,中证中药,中证指数有限公司,20150519,20041231,1000.0,半年,2022-07-20,2022-07-28,L,SZ,鹏华基金,中信证券股份有限公司,0.5,纯境内
159102,华安恒生生物科技ETF,港股通生物科技ETF,华安恒生生物科技交易型开放式指数证券投资基金,HSBIO.HI,恒生生物科技指数,恒生生物科技,恒生指数有限公司,20191216,20131231,10000.0,三个月,2025-09-05,2025-09-16,L,SZ,华安基金,华泰证券股份有限公司,0.5,纯境内
513910,华夏中证港股通央企红利ETF,港股央企红利ETF,华夏中证港股通央企红利交易型开放式指数证券投资基金,931233.CSI,中证港股通央企红利指数,港股通央企红利,中证指数有限公司,20170628,20141114,1000.0,一年,2024-02-07,2024-03-04,L,SH,华夏基金,广发证券股份有限公司,0.5,纯境内
512400,南方中证申万有色金属ETF,有色金属ETF,南方中证申万有色金属交易型开放式指数证券投资基金,000819.SH,中证申万有色金属指数,有色金属,中证指数有限公司,20120509,20041231,1000.0,半年,2017-08-03,2017-09-01,L,SH,南方基金,中国工商银行股份有限公司,0.5,纯境内
563500,华宝中证A500ETF,中证A500ETF华宝,华宝中证A500交易型开放式指数证券投资基金,000510.SH,中证A500指数,中证A500,中证指数有限公司,20240923,20041231,1000.0,半年,2024-11-22,2024-12-02,L,SH,华宝基金,兴业银行股份有限公司,0.15,纯境内
561510,中医药,中药ETF华泰柏瑞,华泰柏瑞中证中药交易型开放式指数证券投资基金,930641.CSI,中证中药指数,中证中药,中证指数有限公司,20150519,20041231,1000.0,半年,2022-07-26,2022-08-04,L,SH,华泰柏瑞基金,中国农业银行股份有限公司,0.5,纯境内
159203,博时国证大盘成长ETF,大盘成长ETF,博时国证大盘成长交易型开放式指数证券投资基金,399372.SZ,国证大盘成长指数,大盘成长,深圳证券信息有限公司,20100104,20021231,1000.0,半年,2025-06-18,2025-06-30,L,SZ,博时基金,国泰海通证券股份有限公司,0.5,纯境内
159130,鹏华恒生生物科技ETF,恒生生物科技ETF鹏华,鹏华恒生生物科技交易型开放式指数证券投资基金,HSBIO.HI,恒生生物科技指数,恒生生物科技,恒生指数有限公司,20191216,20131231,10000.0,三个月,2025-11-19,2025-11-27,L,SZ,鹏华基金,广发证券股份有限公司,0.5,纯境内
159552,招商中证2000增强策略ETF,中证2000增强ETF,招商中证2000增强策略交易型开放式指数证券投资基金,932000.CSI,中证2000指数,中证2000,中证指数有限公司,20230811,20131231,1000.0,半年,2024-06-19,2024-06-28,L,SZ,招商基金,中国银行股份有限公司,0.5,纯境内
513010,易方达恒生科技ETF(QDII),恒生科技ETF易方达,易方达恒生科技交易型开放式指数证券投资基金(QDII),HSTECH.HI,恒生科技指数,恒生科技指数,恒生指数有限公司,20200727,20141231,3000.0,三个月,2021-05-18,2021-05-25,L,SH,易方达基金,招商银行股份有限公司,0.2,QDII
517400,国泰中证沪深港黄金产业股票ETF,黄金股票ETF,国泰中证沪深港黄金产业股票交易型开放式指数证券投资基金,931238.CSI,中证沪深港黄金产业股票指数,SSH黄金股票,中证指数有限公司,20171017,20141231,1000.0,半年,2024-04-24,2024-05-08,L,SH,国泰基金,中信证券股份有限公司,0.5,纯境内
159322,平安中证沪深港黄金产业ETF,黄金股票ETF基金,平安中证沪深港黄金产业股票交易型开放式指数证券投资基金,931238.CSI,中证沪深港黄金产业股票指数,SSH黄金股票,中证指数有限公司,20171017,20141231,1000.0,半年,2024-06-05,2024-06-14,L,SZ,平安基金,中国邮政储蓄银行股份有限公司,0.5,纯境内
159633,易方达中证1000ETF,中证1000ETF易方达,易方达中证1000交易型开放式指数证券投资基金,000852.SH,中证1000指数,中证1000,中证指数有限公司,20141017,20041231,1000.0,半年,2022-07-28,2022-08-04,L,SZ,易方达基金,国泰海通证券股份有限公司,0.15,纯境内
561660,平安中证通用航空主题ETF,通用航空ETF基金,平安中证通用航空主题交易型开放式指数证券投资基金,931855.CSI,中证通用航空主题指数,通用航空,中证指数有限公司,20250402,20201231,1000.0,半年,2025-10-29,2025-11-10,L,SH,平安基金,中国银行股份有限公司,0.5,纯境内
515380,泰康300,沪深300ETF泰康,泰康沪深300交易型开放式指数证券投资基金,000300.SH,沪深300指数,沪深300,中证指数有限公司,20050408,20041231,1000.0,半年,2019-12-27,2020-03-23,L,SH,泰康基金,招商银行股份有限公司,0.4,纯境内
513350,富国标普石油天然气勘探及生产精选行业ETF(QDII),标普油气ETF,富国标普石油天然气勘探及生产精选行业交易型开放式指数证券投资基金(QDII),SPSIOP.OTH,标普石油与天然气的勘探与生产精选行业指数,标普石油与天然气的勘探与生产精选行业指数,标普道琼斯指数有限公司,20060619,19991217,1000.0,三个月,2023-11-20,2023-11-28,L,SH,富国基金,招商银行股份有限公司,0.5,QDII
563060,易方达中证国资央企50ETF,央企50ETF,易方达中证国资央企50交易型开放式指数证券投资基金,931823.CSI,中证国资央企50指数,国资央企50,中证指数有限公司,20231109,20161230,1000.0,半年,2025-05-08,2025-05-19,L,SH,易方达基金,广发银行股份有限公司,0.5,纯境内
511220,海富通上证城投债ETF,城投债ETF,上证城投债交易型开放式指数证券投资基金,H11098.CSI,上证城投债指数,沪城投债,中证指数有限公司,20131115,20081231,100.0,一个月,2014-11-13,2014-12-16,L,SH,海富通基金,中国银行股份有限公司,0.15,纯境内
589820,建信上证科创板200ETF,科创200ETF建信,建信上证科创板200交易型开放式指数证券投资基金,000699.SH,上证科创板200指数,科创200,中证指数有限公司,20240820,20221230,1000.0,三个月,2025-08-27,2025-09-15,L,SH,建信基金,上海浦东发展银行股份有限公司,0.15,纯境内
159975,招商深证100ETF,深100ETF招商,招商深证100交易型开放式指数证券投资基金,399330.SZ,深证100指数,深证100,深圳证券信息有限公司,20060124,20021231,1000.0,半年,2019-11-07,2020-01-02,L,SZ,招商基金,交通银行股份有限公司,0.2,纯境内
